T,magnetization,fisher_info_chi
2.999999999999999889e-01,9.974138168919747249e-01,1.752061237550507633e-02
3.142857142857142794e-01,9.964819993769141737e-01,2.285874229468409791e-02
3.285714285714285698e-01,9.953353902036174983e-01,2.915287020721972835e-02
3.428571428571428603e-01,9.939514193538240283e-01,3.645919326736370147e-02
3.571428571428571508e-01,9.923084529871585291e-01,4.483056114967091943e-02
3.714285714285714413e-01,9.903858405460184144e-01,5.431814988899971719e-02
3.857142857142856762e-01,9.881639021255684829e-01,6.497310919456301959e-02
3.999999999999999667e-01,9.856238716346567008e-01,7.684814719791054072e-02
4.142857142857142572e-01,9.827478085070638913e-01,8.999904658644801436e-02
4.285714285714285476e-01,9.795184879254335009e-01,1.044861262576625566e-01
4.428571428571428381e-01,9.759192769774529541e-01,1.203756757767424773e-01
4.571428571428571286e-01,9.719340019924894714e-01,1.377413985303561350e-01
4.714285714285714191e-01,9.675468105245740302e-01,1.566659055791052579e-01
4.857142857142857095e-01,9.627420300200315584e-01,1.772423074046304281e-01
5.000000000000000000e-01,9.575040240772680900e-01,1.995759562596284842e-01
5.142857142857142350e-01,9.518170463080544152e-01,2.237863986706454256e-01
5.285714285714285809e-01,9.456650910814582423e-01,2.500096067331555871e-01
5.428571428571428159e-01,9.390317398162505436e-01,2.784005691264953009e-01
5.571428571428571619e-01,9.319000009334158507e-01,3.091363393760563349e-01
5.714285714285713969e-01,9.242521410399673343e-01,3.424196612210693713e-01
5.857142857142856318e-01,9.160695043433219054e-01,3.784833209119305986e-01
5.999999999999999778e-01,9.073323166453086674e-01,4.175954164927346834e-01
6.142857142857143238e-01,8.980194694852889903e-01,4.600657883190377162e-01
6.285714285714285587e-01,8.881082790315932840e-01,5.062539284880837043e-01
6.428571428571427937e-01,8.775742130826237331e-01,5.565787871176872681e-01
6.571428571428571397e-01,8.663905779316575240e-01,6.115310315991256962e-01
6.714285714285714857e-01,8.545281547343319684e-01,6.716885074859522131e-01
6.857142857142857206e-01,8.419547722009289581e-01,7.377359212091366691e-01
6.999999999999999556e-01,8.286347986408419963e-01,8.104901528906242048e-01
7.142857142857141906e-01,8.145285312125066790e-01,8.909331703965759353e-01
7.285714285714285365e-01,7.995914530852697988e-01,9.802553453846635234e-01
7.428571428571428825e-01,7.837733192065142740e-01,1.079913216619414973e+00
7.571428571428571175e-01,7.670170171166253992e-01,1.191707649290558502e+00
7.714285714285713524e-01,7.492571286157079236e-01,1.317891313293432454e+00
7.857142857142856984e-01,7.304180876110182297e-01,1.461319162238998048e+00
8.000000000000000444e-01,7.104117834878862503e-01,1.625663413046366967e+00
8.142857142857142794e-01,6.891343882428947465e-01,1.815727756609096799e+00
8.285714285714285143e-01,6.664620726047074672e-01,2.037918683666841702e+00
8.428571428571427493e-01,6.422450910113250977e-01,2.300973907569994648e+00
8.571428571428572063e-01,6.162994001225016172e-01,2.617127850987439608e+00
8.714285714285714413e-01,5.883944165814557481e-01,3.004054134350125693e+00
8.857142857142856762e-01,5.582344781396523237e-01,3.488264941661118446e+00
8.999999999999999112e-01,5.254295126580444952e-01,4.111424140079679823e+00
9.142857142857141461e-01,4.894460405363206257e-01,4.942973531622276262e+00
9.285714285714286031e-01,4.495194380654397026e-01,6.107910620774201327e+00
9.428571428571428381e-01,4.044816508849308212e-01,7.856233049472858276e+00
9.571428571428570731e-01,3.523760839436437253e-01,1.077127192163786162e+01
9.714285714285713080e-01,2.894075817719107269e-01,1.660302512831179200e+01
9.857142857142857650e-01,2.058337915701891618e-01,3.410149067328885764e+01
1.000000000000000000e+00,8.659549652709682202e-03,1.333450254169233267e+04
1.014285714285714235e+00,6.918699726480482889e-13,7.000000000000009948e+01
1.028571428571428470e+00,3.472490265375196939e-13,3.500000000000012790e+01
1.042857142857142927e+00,2.330588226370345302e-13,2.333333333333330017e+01
1.057142857142857162e+00,1.661795839077425822e-13,1.750000000000000000e+01
1.071428571428571397e+00,1.325472554685854440e-13,1.400000000000000355e+01
1.085714285714285632e+00,1.098900408151590586e-13,1.166666666666668029e+01
1.099999999999999867e+00,9.262127177910552843e-14,1.000000000000001066e+01
1.114285714285714324e+00,8.179497011102203630e-14,8.749999999999992895e+00
1.128571428571428559e+00,6.991034776493326092e-14,7.777777777777782120e+00
1.142857142857142794e+00,6.278606906683568882e-14,7.000000000000000000e+00
1.157142857142857029e+00,5.619309006583890284e-14,6.363636363636366866e+00
1.171428571428571486e+00,5.015999147601527358e-14,5.833333333333332149e+00
1.185714285714285721e+00,4.708882470232372368e-14,5.384615384615386802e+00
1.199999999999999956e+00,4.297491136692542070e-14,5.000000000000001776e+00
1.214285714285714191e+00,4.287606287414157011e-14,4.666666666666668739e+00
1.228571428571428426e+00,3.657410466771904654e-14,4.375000000000003553e+00
1.242857142857142883e+00,3.827587509669909353e-14,4.117647058823529882e+00
1.257142857142857117e+00,3.098864478388993951e-14,3.888888888888890616e+00
1.271428571428571352e+00,2.922013272938180489e-14,3.684210526315790268e+00
1.285714285714285587e+00,3.200838197048707439e-14,3.500000000000002665e+00
1.300000000000000044e+00,3.125568186733852880e-14,3.333333333333332149e+00
1.314285714285714279e+00,2.626573159731422822e-14,3.181818181818182545e+00
1.328571428571428514e+00,2.438234018737940967e-14,3.043478260869564966e+00
1.342857142857142971e+00,2.496255276116747590e-14,2.916666666666666075e+00
1.357142857142857206e+00,2.073594656561242611e-14,2.799999999999999378e+00
1.371428571428571441e+00,2.543426520454328415e-14,2.692307692307691624e+00
1.385714285714285676e+00,2.471852487346535541e-14,2.592592592592592560e+00
1.399999999999999911e+00,1.843054090251735982e-14,2.500000000000000000e+00
1.414285714285714368e+00,2.043296315337840021e-14,2.413793103448275801e+00
1.428571428571428603e+00,1.699636959038434466e-14,2.333333333333333037e+00
1.442857142857142838e+00,2.141095600413158194e-14,2.258064516129032917e+00
1.457142857142857073e+00,1.980081796520428513e-14,2.187500000000000000e+00
1.471428571428571530e+00,1.919056631067047697e-14,2.121212121212120216e+00
1.485714285714285765e+00,1.947807068778424558e-14,2.058823529411764053e+00
1.500000000000000000e+00,1.379334136511529593e-14,1.999999999999999778e+00
1.514285714285714235e+00,1.517870236723016409e-14,1.944444444444445086e+00
1.528571428571428470e+00,1.745912786575803908e-14,1.891891891891892552e+00
1.542857142857142927e+00,1.359660977640788391e-14,1.842105263157894690e+00
1.557142857142857162e+00,1.689807802734108102e-14,1.794871794871795156e+00
1.571428571428571397e+00,1.394432821391708908e-14,1.750000000000000000e+00
1.585714285714285632e+00,1.178384851216484677e-14,1.707317073170731669e+00
1.600000000000000089e+00,1.631095290978184760e-14,1.666666666666666741e+00
1.614285714285714324e+00,1.456972385301290485e-14,1.627906976744185830e+00
1.628571428571428559e+00,1.331338933059558456e-14,1.590909090909091050e+00
1.642857142857142794e+00,1.244099180814409103e-14,1.555555555555555802e+00
1.657142857142857251e+00,1.188549393656995613e-14,1.521739130434782483e+00
1.671428571428571486e+00,1.160499895362415482e-14,1.489361702127659504e+00
1.685714285714285721e+00,1.157740689014887963e-14,1.458333333333333259e+00
1.699999999999999956e+00,1.179753591154522503e-14,1.428571428571428603e+00
1.714285714285714191e+00,1.227618370423579332e-14,1.400000000000000133e+00
1.728571428571428648e+00,1.304092547114469980e-14,1.372549019607842924e+00
1.742857142857142883e+00,8.112376783473674135e-15,1.346153846153846034e+00
1.757142857142857117e+00,8.901163772600620959e-15,1.320754716981132004e+00
1.771428571428571352e+00,9.963343474912847501e-15,1.296296296296296502e+00
1.785714285714285809e+00,1.137400515378835431e-14,1.272727272727272485e+00
1.800000000000000044e+00,7.355156876741268413e-15,1.250000000000000222e+00
1.814285714285714279e+00,8.658595522701247431e-15,1.228070175438596534e+00
1.828571428571428514e+00,1.038878382335326318e-14,1.206896551724137900e+00
1.842857142857142749e+00,6.892089527243370162e-15,1.186440677966102086e+00
1.857142857142857206e+00,8.517981851283926423e-15,1.166666666666666519e+00
1.871428571428571441e+00,1.072291259264281189e-14,1.147540983606557319e+00
1.885714285714285676e+00,7.289668078378554325e-15,1.129032258064516014e+00
1.899999999999999911e+00,9.442831602184056234e-15,1.111111111111110938e+00
1.914285714285714368e+00,6.504654372884565057e-15,1.093749999999999778e+00
1.928571428571428603e+00,8.664990215096428361e-15,1.076923076923076872e+00
1.942857142857142838e+00,6.045755691083581546e-15,1.060606060606060774e+00
1.957142857142857073e+00,8.277226929129235968e-15,1.044776119402985204e+00
1.971428571428571530e+00,5.847476350025246683e-15,1.029411764705882026e+00
1.985714285714285765e+00,8.223256482460801971e-15,1.014492753623188248e+00
2.000000000000000000e+00,5.879978583380506432e-15,1.000000000000000000e+00
