T,full_state,abs_magnetization,energy,subset_mag_k2_0,subset_mag_k2_1,subset_mag_k4_0,subset_mag_k4_1,subset_mag_k8_0,subset_mag_k8_1,hash8_0,hash8_1,hash8_2,hash8_3,hash8_4,hash8_5,block_majority_0,block_majority_1,block_majority_2,block_majority_3,abs_linear_0,abs_linear_1,abs_linear_2,abs_linear_3,single_spin,parity,sign_M
1.500000000000000000e+00,1.424710207820800045e+00,1.415843190297909171e+00,1.424710207820790053e+00,2.513571832129363193e-01,2.568780671990507636e-01,4.631201215708196650e-01,4.670114277030997241e-01,8.493149986883024027e-01,8.464509808606897057e-01,5.915727208282710592e-01,6.042563545252759294e-01,6.696394767562998673e-01,6.416945231578751185e-01,6.750981578778704195e-01,4.984009836052155085e-01,2.276579198960143047e-01,2.602143043340026662e-01,2.472062719405221931e-01,2.415029227386643884e-01,9.925652358254768437e-01,9.611228962446443091e-01,1.124385171266190087e+00,1.062909491573888365e+00,7.324744210583640180e-24,9.052620403150725137e-01,1.140512541355244128e-06
1.524999999999999911e+00,1.483891625239441847e+00,1.473857990789678940e+00,1.483891625239433854e+00,2.665333428770297886e-01,2.729065904832617129e-01,4.892917088505522316e-01,4.937054908993760427e-01,8.924801562574892211e-01,8.892784459318959778e-01,6.163061137093109876e-01,6.320208208653811388e-01,6.980597727727575474e-01,6.703887143909516011e-01,7.040143772328594229e-01,5.216071215134446826e-01,2.559159800866787071e-01,2.904420812951517550e-01,2.765887296244701754e-01,2.706678567045276984e-01,1.027953224907063756e+00,9.976859378753277774e-01,1.162305564307081207e+00,1.099932311751451230e+00,1.376852864470334142e-23,9.173721947047326353e-01,1.615085726511128161e-06
1.550000000000000044e+00,1.543184451891226106e+00,1.531883762837355167e+00,1.543184451891233655e+00,2.822092386979602185e-01,2.895185612285511856e-01,5.162187788792140797e-01,5.211974707533314488e-01,9.364469229203359335e-01,9.328859412525375427e-01,6.410258884234147914e-01,6.599690425250718251e-01,7.263889216814787275e-01,6.991887809767094453e-01,7.328680399999194517e-01,5.450227049998180862e-01,2.863576596243288530e-01,3.228076237523033187e-01,3.081232124234286052e-01,3.019995999454274105e-01,1.062728283986302591e+00,1.033809747209882834e+00,1.199325421125982505e+00,1.136214422994572759e+00,4.339594035966110529e-25,9.273920438336288319e-01,2.264358894601722087e-06
1.574999999999999956e+00,1.602475736359802561e+00,1.589805169373238680e+00,1.602475736359823211e+00,2.983573830207102429e-01,3.066871478677153373e-01,5.438591968691965928e-01,5.494448178433873897e-01,9.811311962766448014e-01,9.771901374098643789e-01,6.656671357109072984e-01,6.880294327626879092e-01,7.545383562365045593e-01,7.280178890329375152e-01,7.615709660966276662e-01,5.685896283035767329e-01,3.189734466128133494e-01,3.572850411823825234e-01,3.417910626685217168e-01,3.354803210874189312e-01,1.096794768280870747e+00,1.069392406143333751e+00,1.235339194411425812e+00,1.171654296777363102e+00,7.798561882786505906e-24,9.352946751299699990e-01,3.143666205664868966e-06
1.600000000000000089e+00,1.661636444637245580e+00,1.647491409868001355e+00,1.661636444637229593e+00,3.149409568830336403e-01,3.243749654999966703e-01,5.721571463861753193e-01,5.783907278482579573e-01,1.026430809948780665e+00,1.022089912229763309e+00,6.901561960043807176e-01,7.161198864889937177e-01,7.824101388514300703e-01,7.567889552661826169e-01,7.900254821362338031e-01,5.922402582366541601e-01,3.537279397491336907e-01,3.938227473870956619e-01,3.775479126930152418e-01,3.710662818239534033e-01,1.130049753625767206e+00,1.104323662233613890e+00,1.270234979490663330e+00,1.206143287942111675e+00,7.908951687247348238e-24,9.410593539045591926e-01,4.322598771612896745e-06
1.625000000000000000e+00,1.720520272883233170e+00,1.704795092022876490e+00,1.720520272883228952e+00,3.319130906696662886e-01,3.425332370788507497e-01,6.010420807818206423e-01,6.079630619140752312e-01,1.072224442965659552e+00,1.067465262947945082e+00,7.144101606583008746e-01,7.441471557264930370e-01,8.098966437782557648e-01,7.854040827526654889e-01,8.181240890770976604e-01,6.158968907352339039e-01,3.905580597639698448e-01,4.323418949731626104e-01,4.153220149166794162e-01,4.086861724807618890e-01,1.162382564489316650e+00,1.138484472134287051e+00,1.303894064480098702e+00,1.239565158582621951e+00,8.737703419832424811e-24,9.446714361662112980e-01,5.887584968389402081e-06
1.649999999999999911e+00,1.778962838041035166e+00,1.761551476672332583e+00,1.778962838041031391e+00,3.492163016353400651e-01,3.611011330161043587e-01,6.304279049435318472e-01,6.380735079044854707e-01,1.118370873132314536e+00,1.113176557835760860e+00,7.383365855183834370e-01,7.720064482778165038e-01,8.368804776419599412e-01,8.137542245496470761e-01,8.457493668938362852e-01,6.394714072626750401e-01,4.293716462999109806e-01,4.727351933612603530e-01,4.550129556031332068e-01,4.482398343056879786e-01,1.193674545024388634e+00,1.171746786369096682e+00,1.336190737336939494e+00,1.271795859591956068e+00,7.410841733420377604e-25,9.461224433138408774e-01,7.944599904188708563e-06
1.675000000000000044e+00,1.836781301765571861e+00,1.817578150287416205e+00,1.836781301765592955e+00,3.667821259188044913e-01,3.800053320608209884e-01,6.602124366571613390e-01,6.686170331069147821e-01,1.164708629515668559e+00,1.159064182166178236e+00,7.618334504905670546e-01,7.995812910494027870e-01,8.632346723455406323e-01,8.417191151010595673e-01,8.727741498366260453e-01,6.628651654971664531e-01,4.700465104713994480e-01,5.148661763745007169e-01,4.964908204246005208e-01,4.895974361432117172e-01,1.223799106495653932e+00,1.203973611441374603e+00,1.366992383208699646e+00,1.302703604159276329e+00,1.575934012057975706e-24,9.454102982445622416e-01,1.062190001191312951e-05
1.699999999999999956e+00,1.893774476473847335e+00,1.872675172812738653e+00,1.893774476473861323e+00,3.845309810573860898e-01,3.991598442527993784e-01,6.902771940352586677e-01,6.994716758124290834e-01,1.211056093435682657e+00,1.204948627760866309e+00,7.847893951315561001e-01,8.267436960916546562e-01,8.888231798693639885e-01,8.691675056767099727e-01,8.990620014495696033e-01,6.859691557878582202e-01,5.124300075900345419e-01,5.585689796881871949e-01,5.395958741842543649e-01,5.325991673548975402e-01,1.252622079918444653e+00,1.235019381147523632e+00,1.396159900323947767e+00,1.332149262359126229e+00,1.351777071098674404e-26,9.425397154034403924e-01,1.407264566274802368e-05
1.725000000000000089e+00,1.949723453247219185e+00,1.926625739483214472e+00,1.949723453247242499e+00,4.023722915607953476e-01,4.184661325760691275e-01,7.204875505932620827e-01,7.304987179962627586e-01,1.257212089164444935e+00,1.250631067299199595e+00,8.070842549555141687e-01,8.533546618852810850e-01,9.135016920742533575e-01,8.959577343612289413e-01,9.244680122797127586e-01,7.086644502057756201e-01,5.563391859337744050e-01,6.036486799133987668e-01,5.841388084712078044e-01,5.770555002715552773e-01,1.280002396601934267e+00,1.264730662997433752e+00,1.423548455880275121e+00,1.359987099124203569e+00,9.264890516480277922e-25,9.375227300753508075e-01,1.847724070404144887e-05
1.750000000000000000e+00,2.004392779769759159e+00,1.979197383742335781e+00,2.004392779769752497e+00,4.202049046580387248e-01,4.378135635424914018e-01,7.506932922322129276e-01,7.615432736636108535e-01,1.302956994877559671e+00,1.295894444018235836e+00,8.285899160297383048e-01,8.792650347408759171e-01,9.371188003563464264e-01,9.219386532349406194e-01,9.488399351817470295e-01,7.308229646040388383e-01,6.015615559377218702e-01,6.498822357887354961e-01,6.299015996097646619e-01,6.227480640614311280e-01,1.305793111414035312e+00,1.292947217760455736e+00,1.449008594802245531e+00,1.386065869269681006e+00,5.141592595998026577e-23,9.303793448537094335e-01,2.404518723728375345e-05
1.774999999999999911e+00,2.057532202571854096e+00,2.030143734512845910e+00,2.057532202571870084e+00,4.379178159989219887e-01,4.570802084173152813e-01,7.807296008840148849e-01,7.924353175132825555e-01,1.348054391339566838e+00,1.340505094507393524e+00,8.491714965843563112e-01,9.043167453444808102e-01,9.595174998786216713e-01,9.469509255084997967e-01,9.720196633118111107e-01,7.523085458887349697e-01,6.478565098573315639e-01,6.970200579377376915e-01,6.766390050833186454e-01,6.694311577401992341e-01,1.329842774044040388e+00,1.319503420380939707e+00,1.472387704046381085e+00,1.410230272947443186e+00,1.201563129719516960e-23,9.211382638084810726e-01,3.101622919194525757e-05
1.800000000000000044e+00,2.108878971807230052e+00,2.079206825110041290e+00,2.108878971807236713e+00,4.553912157903135527e-01,4.761340061479467090e-01,8.104184777449493504e-01,8.229911663280332634e-01,1.392253250574208456e+00,1.384214907193636712e+00,8.686888539229487005e-01,9.283444236938677152e-01,9.805370314289997280e-01,9.708286935952077368e-01,9.938450445157653856e-01,7.729783868344768383e-01,6.949574050324666130e-01,7.447882171406894347e-01,7.240807098949895160e-01,7.168339133614678449e-01,1.351997142414710140e+00,1.344230038995453347e+00,1.493531823358968280e+00,1.432322763081422812e+00,1.229113884320376590e-23,9.098376777166038432e-01,3.966054650073041484e-05
1.824999999999999956e+00,2.158160689027498691e+00,2.126119933441404708e+00,2.158160689027450729e+00,4.724978550150045198e-01,4.948342867531382860e-01,8.395706053199432084e-01,8.530154114300732004e-01,1.435290649759092707e+00,1.426764002223581462e+00,8.869984032272913987e-01,9.511773822910237763e-01,1.000015041028994522e+00,9.934016058217134404e-01,1.014152013251531592e+00,7.926847595070842800e-01,7.425743047592243684e-01,7.928912824584444241e-01,7.719341154647549885e-01,7.646631016027436445e-01,1.372101220143881806e+00,1.366956355888837349e+00,1.512287780608065013e+00,1.452185683451803211e+00,8.283355221511930214e-26,8.965260581785798877e-01,5.027775835250323719e-05
1.850000000000000089e+00,2.205098659496317559e+00,2.170610914377955503e+00,2.205098659496341096e+00,4.891047192127547794e-01,5.130336402363813164e-01,8.679876322491285601e-01,8.823032848595058208e-01,1.476894977309525681e+00,1.467883900296203858e+00,9.039552222012958715e-01,9.726419428671631007e-01,1.017790023716288017e+00,1.014497175124482897e+00,1.032777007764054122e+00,8.112770460037674880e-01,7.903973500212789771e-01,8.410157603865202613e-01,8.198877432169290325e-01,8.126065515593744459e-01,1.390001586723708105e+00,1.387512600313904221e+00,1.528505616142746604e+00,1.469663702385492821e+00,2.666465430890878498e-23,8.812629127137435736e-01,6.319451682422442683e-05
1.875000000000000000e+00,2.249411691223476506e+00,2.212405966026004478e+00,2.249411691223488940e+00,5.050749844257049759e-01,5.305801017022928612e-01,8.954648486443743671e-01,9.106434253598040263e-01,1.516789579288838175e+00,1.507301129267492934e+00,9.194154025710258304e-01,9.925640668253118415e-01,1.033704004067081295e+00,1.033943428244045171e+00,1.049559626624316344e+00,8.286040323194518997e-01,8.381007136839334626e-01,8.888340852362988098e-01,8.676152037147791818e-01,8.603371353098053786e-01,1.405548975671455203e+00,1.405732648770580351e+00,1.542041246925065945e+00,1.484606493233384228e+00,2.789196858943839836e-24,8.641194504313526314e-01,7.876050673663201015e-05
1.899999999999999911e+00,2.290820263945346547e+00,2.251233752919536091e+00,2.290820263945347879e+00,5.202702168889726808e-01,5.473196089244585227e-01,9.217942032350693315e-01,9.378209934872552278e-01,1.554696775718615864e+00,1.544741198881673716e+00,9.332385967434863039e-01,1.010772234666860392e+00,1.047605392707748440e+00,1.051571789395848056e+00,1.064345465615944120e+00,8.445164183098017308e-01,8.853470670971012035e-01,9.360090900041694306e-01,9.147796609269657209e-01,9.075172465927899834e-01,1.418601042778958154e+00,1.421456934335538103e+00,1.552759307959172830e+00,1.496871599542246578e+00,2.858161563386973912e-24,8.451791062978765146e-01,9.734273032098321769e-05
1.925000000000000044e+00,2.329050973671839220e+00,2.286829791837536430e+00,2.329050973671883629e+00,5.345527655793002042e-01,5.630986748835663525e-01,9.467675976800379312e-01,9.636210689800689400e-01,1.590342158969471287e+00,1.579932856655807738e+00,9.452906962636902222e-01,1.027100505758498317e+00,1.059351946074210682e+00,1.067220128890000952e+00,1.076989064032340515e+00,8.588694846387383564e-01,9.317924683819892584e-01,9.821988670713401870e-01,9.610387009449870011e-01,9.538036827228660863e-01,1.429025254561329339e+00,1.434535493683575025e+00,1.560536096604596024e+00,1.506327410863995242e+00,5.171697358016695741e-25,8.245378734531266796e-01,1.193180311429029386e-04
1.949999999999999956e+00,2.363841143139924661e+00,2.318940990975806749e+00,2.363841143139973955e+00,5.477882855378767291e-01,5.777672055848022126e-01,9.701803789660701227e-01,9.878322488602733209e-01,1.623459071155319844e+00,1.612612522733403164e+00,9.554465686646019806e-01,1.041391677655266079e+00,1.068813746683943577e+00,1.080735895492809018e+00,1.087356879401586207e+00,8.715258469195923396e-01,9.770915630439168664e-01,1.027061910207458739e+00,1.006049496252781505e+00,9.988528207023485983e-01,1.436701816719475611e+00,1.444831069252801692e+00,1.565262535347025530e+00,1.512856165072681502e+00,8.335657545157976797e-27,8.023043968794578706e-01,1.450639164804734245e-04
1.975000000000000089e+00,2.394943476516597780e+00,2.347330221545763873e+00,2.394943476516523173e+00,5.598483207836916220e-01,5.911813836152133295e-01,9.918349386421307923e-01,1.010250352490293047e+00,1.653793145260427977e+00,1.642528789347726725e+00,9.635927717944223758e-01,1.053500454789862317e+00,1.075876114104860060e+00,1.091979242384116811e+00,1.095330202465168545e+00,8.823582188961704986e-01,1.020902972015478971e+00,1.070262414561302222e+00,1.049474141520424286e+00,1.042325963408268441e+00,1.441526554826233042e+00,1.452222175611074473e+00,1.566847061525717066e+00,1.516356885920736808e+00,8.059611963024599819e-24,7.785997884002019420e-01,1.749478407103344691e-04
2.000000000000000000e+00,2.422130628840228006e+00,2.371780793347826766e+00,2.422130628840207134e+00,5.706128691181244772e-01,6.032065309726203362e-01,1.011544318673214926e+00,1.030682130766374494e+00,1.681106786481576076e+00,1.669446862288119782e+00,9.696301601658660063e-01,1.063296530201623735e+00,1.080442353126202182e+00,1.100826050929741617e+00,1.100807920242071525e+00,8.912521009240871317e-01,1.062894730759670781e+00,1.111475600554581389e+00,1.090985025807843956e+00,1.083894720692823332e+00,1.443413654943822566e+00,1.456606033925239796e+00,1.565218348670567527e+00,1.516748160660103872e+00,2.691750234160997562e-23,7.535571323571655933e-01,2.093152340610252384e-04
2.024999999999999911e+00,2.445199557677331992e+00,2.392100703189907751e+00,2.445199557677322666e+00,5.799728478979726543e-01,6.137198614123270390e-01,1.029135718514626152e+00,1.048948871538792238e+00,1.705183466626922106e+00,1.693152818072618526e+00,9.734762969086437900e-01,1.070667481826259593e+00,1.082436245873070968e+00,1.107170754758195041e+00,1.103709034886484419e+00,8.981083078519153107e-01,1.102749636475961914e+00,1.150392921651142819e+00,1.130270099832554775e+00,1.123246284047022980e+00,1.442298171165822485e+00,1.457901277163523135e+00,1.560327764229532566e+00,1.513970662561944014e+00,4.960474259737631498e-26,7.273206629393828004e-01,2.484766734251799025e-04
2.049999999999999822e+00,2.463975526765556090e+00,2.408126527610292555e+00,2.463975526765596946e+00,5.878323802651851393e-01,6.226130332597685779e-01,1.044453797269508710e+00,1.064889792713883176e+00,1.725831705889956824e+00,1.713457551962894732e+00,9.750675878671435370e-01,1.075521387070863977e+00,1.081804199182688331e+00,1.110928869323205559e+00,1.103974850179596290e+00,9.028452521062967362e-01,1.140170359352877805e+00,1.186727015429172249e+00,1.167037896162773647e+00,1.160088452723390118e+00,1.438138210529763095e+00,1.456050331847483115e+00,1.552151472925044073e+00,1.507989327491191744e+00,1.045662332659795360e-23,7.000446080057972642e-01,2.926946871520185811e-04
2.075000000000000178e+00,2.478315639195541209e+00,2.419726839417790210e+00,2.478315639195589171e+00,5.941108253561054875e-01,6.297944183257434547e-01,1.057363668599893280e+00,1.078365118548971102e+00,1.742888623099498657e+00,1.730200298628689293e+00,9.743610611769379926e-01,1.077789065925381262e+00,1.078516967195594090e+00,1.112039138983753173e+00,1.101570745545445318e+00,9.054009032457671635e-01,1.174884178506760080e+00,1.220216262527278106e+00,1.201022165141691023e+00,1.194154274191705500e+00,1.430916713183105093e+00,1.451021389404594020e+00,1.540692103416285264e+00,1.498795101956877929e+00,1.956163622746458463e-24,6.718917088771197976e-01,3.421707735678229017e-04
2.100000000000000089e+00,2.488111790815797697e+00,2.426805040893720289e+00,2.488111790815830560e+00,5.987444839258234675e-01,6.351910114320825640e-01,1.067753494616241916e+00,1.089258743472924174e+00,1.756222947534110235e+00,1.743251619162616839e+00,9.713357263595888691e-01,1.077425873825594849e+00,1.072570881966503631e+00,1.110465224975574428e+00,1.096487469823805849e+00,9.057343547330014566e-01,1.206647213740357438e+00,1.250628828851937158e+00,1.231986000021672023e+00,1.225206172503152668e+00,1.420642757402639456e+00,1.442809892006075900e+00,1.525979908778807514e+00,1.486406192694396555e+00,6.937206805472348290e-24,6.430314412723204809e-01,3.970332508606001201e-04
2.125000000000000000e+00,2.493292952559122533e+00,2.429301524670072876e+00,2.493292952559139852e+00,6.016879219866052564e-01,6.387499174818015435e-01,1.075536597794642502e+00,1.097480400974750525e+00,1.765737402167624204e+00,1.752515764777404561e+00,9.659934609943545691e-01,1.074412980230164072e+00,1.063988541135333143e+00,1.106196872622812633e+00,1.088741902657901273e+00,9.038269415195210321e-01,1.235248040178283047e+00,1.277766082546262894e+00,1.259725340815978978e+00,1.253039454189564195e+00,1.407352334232815361e+00,1.431439473145422969e+00,1.508073367523147246e+00,1.470868763800166956e+00,1.751113618529057100e-24,6.136379774149669508e-01,4.573265660447820968e-04
2.149999999999999911e+00,2.493826712507373422e+00,2.427195095476171183e+00,2.493826712507429377e+00,6.029148690619955397e-01,6.404393684571471068e-01,1.080653026585341570e+00,1.102967272090441320e+00,1.771370389018876779e+00,1.757932348184873206e+00,9.583593897156323926e-01,1.068758086798454299e+00,1.052818920664764457e+00,1.099250514236844500e+00,1.078377249806622640e+00,8.996828677626090842e-01,1.260510593512814470e+00,1.301465297943776411e+00,1.284071767078076798e+00,1.277485102043592891e+00,1.391108554580657408e+00,1.416962311718506617e+00,1.487059190932334296e+00,1.452257046254903150e+00,2.927352074433765262e-24,5.838879427459913174e-01,5.230026661086654635e-04
2.174999999999999822e+00,2.489720033686674050e+00,2.420503611123888010e+00,2.489720033686734002e+00,6.024186638158093299e-01,6.402492405158249911e-01,1.083070529954630823e+00,1.105684988051198747e+00,1.773096931173929303e+00,1.759477277391567451e+00,9.484817389564917933e-01,1.060495559341912086e+00,1.039136901537312196e+00,1.089669284547805095e+00,1.065462659107924370e+00,8.933293219108090488e-01,1.282296298036877502e+00,1.321601583083787279e+00,1.304894514211322409e+00,1.298411791529012982e+00,1.372001271864817129e+00,1.399458879189831695e+00,1.463051723646427105e+00,1.430672845561353990e+00,1.544419194443396479e-25,5.539580323520589822e-01,5.939149472423465919e-04
2.200000000000000178e+00,2.481019210569515021e+00,2.409283827988868421e+00,2.481019210569553657e+00,6.002122371237764709e-01,6.381910603388876169e-01,1.082784917602418906e+00,1.105628003609786969e+00,1.770928851780811497e+00,1.757162932223137464e+00,9.364311702889798195e-01,1.049685969130321528e+00,1.023042220760043586e+00,1.077522446910319287e+00,1.050092264886562043e+00,8.848160753301830272e-01,1.300505376632817844e+00,1.338088994133222132e+00,1.322101674778724645e+00,1.315727091442040031e+00,1.350146124398257763e+00,1.379037081183660751e+00,1.436191746203568931e+00,1.406244454768893259e+00,1.926408810261680237e-23,5.240225600417973695e-01,6.698151980309127772e-04
2.225000000000000089e+00,2.467809034692223680e+00,2.393630463526721819e+00,2.467809034692141967e+00,5.963276402532472487e-01,6.342975091508286090e-01,1.079819804839098341e+00,1.102819340220951405e+00,1.764914196621298226e+00,1.751037590033426294e+00,9.222996145671210622e-01,1.036415060706256996e+00,1.004657878114390002e+00,1.062904250019573782e+00,1.032383689460122156e+00,8.742145797770820570e-01,1.315077330068556982e+00,1.350880827899338721e+00,1.335640574273331271e+00,1.329377838435298109e+00,1.325683022773584963e+00,1.355830816674309158e+00,1.406644709897779233e+00,1.379125001564047936e+00,1.129597875233219163e-23,4.942510179354215327e-01,7.503537984555950884e-04
2.250000000000000000e+00,2.450211206295077826e+00,2.373674514609805719e+00,2.450211206295010324e+00,5.908151426371716086e-01,6.286214512449489478e-01,1.074225763014659663e+00,1.097309720596918892e+00,1.755135932369602303e+00,1.741184132421979225e+00,9.061986471320226944e-01,1.020792183789422714e+00,9.841280495955730956e-01,1.045932255152248969e+00,1.012476049735485883e+00,8.616165971787782540e-01,1.325990600898341976e+00,1.359969111118258800e+00,1.345497338506657536e+00,1.339349702707594458e+00,1.298774127255341249e+00,1.329997998530310976e+00,1.374598454364331257e+00,1.349490278021369560e+00,9.572156775520855662e-24,4.648057247768422329e-01,8.350832837857349563e-04
2.274999999999999911e+00,2.428382053158484766e+00,2.349580894463231040e+00,2.428382053158485654e+00,5.837419390974315503e-01,6.212345306392581534e-01,1.066078916729249704e+00,1.089176136880367629e+00,1.741709976129594217e+00,1.727718088130702823e+00,8.882574603380202216e-01,1.002948245265455007e+00,9.616155754205399919e-01,1.026745192106692350e+00,9.905275338915360273e-01,8.471324115167936375e-01,1.333261463614976217e+00,1.365383331028090952e+00,1.351695695828618371e+00,1.345665988209443498e+00,1.269601377810495091e+00,1.301718097560207843e+00,1.340260476087105301e+00,1.317536119224414826e+00,7.742112339414878821e-25,4.358396379737655701e-01,9.234651932222441356e-04
2.299999999999999822e+00,2.402509638709820372e+00,2.321545471535282346e+00,2.402509638709781292e+00,5.751905191202676404e-01,6.122253934391110874e-01,1.055479046852584313e+00,1.078519912788495683e+00,1.724782632162483509e+00,1.710785087502170843e+00,8.686205025625982623e-01,9.830332525182375880e-01,9.372991039662050827e-01,1.005500416988822199e+00,9.667126267240682136e-01,8.308886861462628781e-01,1.336942206212086370e+00,1.367188474664448039e+00,1.354295080578366450e+00,1.348385733888026738e+00,1.238363653672512443e+00,1.271189287326144335e+00,1.303854830196248260e+00,1.283475411131380417e+00,7.221675545722748661e-25,4.074943969093717810e-01,1.014879971470779036e-03
2.325000000000000178e+00,2.372810358121846708e+00,2.289791609912692039e+00,2.372810358121959062e+00,5.652567608232763607e-01,6.016976044687898373e-01,1.042547272902388578e+00,1.065464334861599305e+00,1.704527528014183613e+00,1.690557820094857666e+00,8.474448623694222915e-01,9.612135310736659166e-01,9.113699825575073410e-01,9.823710563525842598e-01,9.412190720968381941e-01,8.130260402153819399e-01,1.337118687988626320e+00,1.365482463376944899e+00,1.353388123497547335e+00,1.347601201812021587e+00,1.205273650073397151e+00,1.238625278443907574e+00,1.265618758424389201e+00,1.247534818537348045e+00,7.040948460908431979e-24,3.798986546617132976e-01,1.108639525099884169e-03
2.350000000000000089e+00,2.339525132918636174e+00,2.254566322311399862e+00,2.339525132918617079e+00,5.540478188280321126e-01,5.897673339685259863e-01,1.027423398885777495e+00,1.050151938718638434e+00,1.681142153943255613e+00,1.667232598677945266e+00,8.248974820348591308e-01,9.376687070290372628e-01,8.840289911793808297e-01,9.575429293021131549e-01,9.142446664729874106e-01,7.936964243940828334e-01,1.333907373522997375e+00,1.360393083541182158e+00,1.349097629586954117e+00,1.343434852750158726e+00,1.170554566157183229e+00,1.204251938162628655e+00,1.225799142043370926e+00,1.209951330056314056e+00,1.337519003621649590e-24,3.531667420533680102e-01,1.204001913609699295e-03
2.375000000000000000e+00,2.302915321265631476e+00,2.216136152959592209e+00,2.302915321265635029e+00,5.416798783767360348e-01,5.765608936171858767e-01,1.010263013135784593e+00,1.032741542738874641e+00,1.654844116335047799e+00,1.641025639578514772e+00,8.011522862845541493e-01,9.125885480219902979e-01,8.554830160123317873e-01,9.312113420569566591e-01,8.859939787875886763e-01,7.730603788691169376e-01,1.327451952844924010e+00,1.352074523940477002e+00,1.341573153654095130e+00,1.336035919526264104e+00,1.134436700280233579e+00,1.168303793794941647e+00,1.184648880239040691e+00,1.170968718824208832e+00,1.596704546290219366e-24,3.273976931026895687e-01,1.300187564648002574e-03
2.399999999999999911e+00,2.263258462684266892e+00,2.174782908875901200e+00,2.263258462684366368e+00,5.282758478583781114e-01,5.622122010413937998e-01,9.912344348613703060e-01,1.013405123841117250e+00,1.625867217662434694e+00,1.612169171219679509e+00,7.763873099308611359e-01,8.861697556374329432e-01,8.259417563535415008e-01,9.035778481820547769e-01,8.566750891171952542e-01,7.512842555804349898e-01,1.317919662834174277e+00,1.340703634731079230e+00,1.330987288487684994e+00,1.325576693144952189e+00,1.097154046943492833e+00,1.131020517070170373e+00,1.142423291774119276e+00,1.130834015252487168e+00,1.133441633335411236e-25,3.026746453997899433e-01,1.396396348091805215e-03
2.424999999999999822e+00,2.220843972715617731e+00,2.130799354520034772e+00,2.220843972715607073e+00,5.139630585614859415e-01,5.468602483927291757e-01,9.705155983475747261e-01,9.923246282134891016e-01,1.594457472871944059e+00,1.580907480018799882e+00,7.507819025560104054e-01,8.586127974942576735e-01,7.956145514508347061e-01,8.748470626465472133e-01,8.264964321210240827e-01,7.285374822903696312e-01,1.305497424963414366e+00,1.326476022486623219e+00,1.317531780402467545e+00,1.312248636473233088e+00,1.058940983861867746e+00,1.092643481119190296e+00,1.099376631299517459e+00,1.089794081943820769e+00,2.248481954427291306e-27,2.790646134840807924e-01,1.491824833287323142e-03
2.450000000000000178e+00,2.175968895627905741e+00,2.084484977057556421e+00,2.175968895627967914e+00,4.988710345209394492e-01,5.306466441728940886e-01,9.482909604138423099e-01,9.696888044350209235e-01,1.560869165281964399e+00,1.547492996060289228e+00,7.245140799861679026e-01,8.301188593536542593e-01,7.647074036796948082e-01,8.452236095728021814e-01,7.956638216697796695e-01,7.049899387946312324e-01,1.290387910140672334e+00,1.309602091021135450e+00,1.301413582295658289e+00,1.296258435645318396e+00,1.020029128785999939e+00,1.053412473135298510e+00,1.055758802058386792e+00,1.048092371582321825e+00,8.146583853008724772e-24,2.566186190642429921e-01,1.585683083491891193e-03
2.475000000000000089e+00,2.128933812359284250e+00,2.036141918341308088e+00,2.128933812359383726e+00,4.831293873127422422e-01,5.137132888113192797e-01,9.247485084817267387e-01,9.456901380368317733e-01,1.525361034952624317e+00,1.512182510881142194e+00,6.977580817553340475e-01,8.008869871427274356e-01,7.334202621106037379e-01,8.149092727683885373e-01,7.643777212308006108e-01,6.808095060450765068e-01,1.272805633227538147e+00,1.290303129152427841e+00,1.282850945979276513e+00,1.277824090967890847e+00,9.806444343145295228e-01,1.013562634512548355e+00,1.011812334556871695e+00,1.005965936790833126e+00,5.421552169283026631e-24,2.353721494603897013e-01,1.677210400838342929e-03
2.500000000000000000e+00,2.080038987367567760e+00,1.986071156008346605e+00,2.080038987367645031e+00,4.668658811665677422e-01,4.962002342168881919e-01,9.000769361168490246e-01,9.205219558796887691e-01,1.488192679809212882e+00,1.475233607098435096e+00,6.706821817728408908e-01,7.711114765404246674e-01,7.019446166356264616e-01,7.841004055653072458e-01,7.328308111548156312e-01,6.561598378489088557e-01,1.252973168620304945e+00,1.268807535105430651e+00,1.262069644213946740e+00,1.257171137752220114e+00,9.410045758489704593e-01,9.733216871744007070e-01,9.677696869512543154e-01,9.636427474730353548e-01,8.504038698092891091e-25,2.153459056263820059e-01,1.765689519534765443e-03
2.525000000000000355e+00,2.029580822821035024e+00,1.934569000708577402e+00,2.029580822820991060e+00,4.502047033683911348e-01,4.782437662140257006e-01,8.744630408723521597e-01,8.943757564796760429e-01,1.449621235412835940e+00,1.436901365296835653e+00,6.434467866614228537e-01,7.409795544327553163e-01,6.704614382527525063e-01,7.529856429453629652e-01,7.012058898436046572e-01,6.311983927706729114e-01,1.231117564920530594e+00,1.245347253702689505e+00,1.239299399405173974e+00,1.234529074025694451e+00,9.013166738346789497e-01,9.329074907183475540e-01,9.238509082294498187e-01,9.213393568353283047e-01,1.953553913470846622e-23,1.965467936938165017e-01,1.850458867671639536e-03
2.549999999999999822e+00,1.977848672492765525e+00,1.881923960354380254e+00,1.977848672492831250e+00,4.332649644962806024e-01,4.599747374033508196e-01,8.480893865917719099e-01,8.674388095113392261e-01,1.409898384095939816e+00,1.397435398501189363e+00,6.162028436063116121e-01,7.106693830498249653e-01,6.391394867157033088e-01,7.217439452297538249e-01,6.696741316928329635e-01,6.060747517746234436e-01,1.207467022069776075e+00,1.220154487726456294e+00,1.214770581212218037e+00,1.210128057356734121e+00,8.617753773224887670e-01,8.925259607091875491e-01,8.802616904849074331e-01,8.792589428411858865e-01,3.234720095583662005e-26,1.789691096307806650e-01,1.930922610536291292e-03
2.575000000000000178e+00,1.925122051626632302e+00,1.828414006135148151e+00,1.925122051626612985e+00,4.161594426653219547e-01,4.415171666613089685e-01,8.211322594322748580e-01,8.398920545858856723e-01,1.369267728881781387e+00,1.357077249346853476e+00,5.890905673225168560e-01,6.803484042854905933e-01,6.081339929673265088e-01,6.905429892061885067e-01,6.383937111435715739e-01,5.809292352619263022e-01,1.182247879178243366e+00,1.193458729653196215e+00,1.188711220156386750e+00,1.184195917858638758e+00,8.225613221518524032e-01,8.523693644692209581e-01,8.371918223425647287e-01,8.375897379102976714e-01,6.103498307396836298e-26,1.625958647490437781e-01,2.006558335103397588e-03
2.600000000000000089e+00,1.871668263628057494e+00,1.774304259662110805e+00,1.871668263628029072e+00,3.989935765745131757e-01,4.229871112061569516e-01,7.937599346306286607e-01,8.119083169280093548e-01,1.327962552976609478e+00,1.316058170514257775e+00,5.622384847864988489e-01,6.501720295053723397e-01,5.775857114595905895e-01,6.595379103006165922e-01,6.075087899790917456e-01,5.558918223712632223e-01,1.155681946384126801e+00,1.165484145095529112e+00,1.161344369440682645e+00,1.156955519559315304e+00,7.838399645421225692e-01,8.126149978859495970e-01,7.948140425887940674e-01,7.965038469341032545e-01,1.243701873533431887e-24,1.474002007309900830e-01,2.076922321311094194e-03
2.625000000000000000e+00,1.817740450264273111e+00,1.719845106502012833e+00,1.817740450264285101e+00,3.818647036397181949e-01,4.044918078049950516e-01,7.661312596853192547e-01,7.836508459981734731e-01,1.286203972144887908e+00,1.274597295595802038e+00,5.357627867059313598e-01,6.202826691388754199e-01,5.476203266861485730e-01,6.288703884283353140e-01,5.771488542733484994e-01,5.310813657535997656e-01,1.127984200018313565e+00,1.136447325304661415e+00,1.132885833178204349e+00,1.128622488307743144e+00,7.457607797008856121e-01,7.734242352396083486e-01,7.532832815366758972e-01,7.561564423750110064e-01,1.711423655346206253e-25,1.333468457360866832e-01,2.141652471445438643e-03
2.650000000000000355e+00,1.763576059552813602e+00,1.665270728925327237e+00,1.763576059552786068e+00,3.648615324943195737e-01,3.861290719629461576e-01,7.383945496662586150e-01,7.552721729445128762e-01,1.244199475330312277e+00,1.232900195692168799e+00,5.097669667814620498e-01,5.908090870845725817e-01,5.183481894791502897e-01,5.986680609048249391e-01,5.474283785773614852e-01,5.066050869668908829e-01,1.099360847615524772e+00,1.106555413478358174e+00,1.103542266565739061e+00,1.099403311726767640e+00,7.084568057105081751e-01,7.349419343067556953e-01,7.127362680057851563e-01,7.166853157360389970e-01,1.683650009937391075e-24,1.203935678636336021e-01,2.200469035680752659e-03
2.674999999999999822e+00,1.709395714946220668e+00,1.610798040278056176e+00,1.709395714946357003e+00,3.480638333750583069e-01,3.679869375375995899e-01,7.106867819721695012e-01,7.269132741824622101e-01,1.202141838849516642e+00,1.191157807060913676e+00,4.843417236472635223e-01,5.618660574365660354e-01,4.898643519078765274e-01,5.690442384347094151e-01,5.184467880976486587e-01,4.825583312275610326e-01,1.070007758199885917e+00,1.076004598663006684e+00,1.073509642515870333e+00,1.069493805699403888e+00,6.720445055245178878e-01,6.972961711980844024e-01,6.732914721932106161e-01,6.782107572003786000e-01,1.660499791788903625e-24,1.084925880789580216e-01,2.253173350566863974e-03
2.700000000000000178e+00,1.655402460914541241e+00,1.556625994973271254e+00,1.655402460914471297e+00,3.315423257720822581e-01,3.501435145960367090e-01,6.831330711151848423e-01,6.987030215131601052e-01,1.160208391303678477e+00,1.149545707021595309e+00,4.595650959961667392e-01,5.335542953919284459e-01,4.622488648886090012e-01,5.400978946372529954e-01,4.902886847314343322e-01,4.590245555082655415e-01,1.040109244004364220e+00,1.044978961950506768e+00,1.042972070094996484e+00,1.039077932712009877e+00,6.366239143741649897e-01,6.605982734462246819e-01,6.350493490533483110e-01,6.408357296504068046e-01,1.844386101056434366e-25,9.759192138331715394e-02,2.299644850032562995e-03
2.725000000000000089e+00,1.601781353597514279e+00,1.502935241858669446e+00,1.601781353597632629e+00,3.153587398417190824e-01,3.326670400634217928e-01,6.558463990938289134e-01,6.707578940285059410e-01,1.118560600253066806e+00,1.108223709262968315e+00,4.355027987019587932e-01,5.059606303276686923e-01,4.355672998743727042e-01,5.119138959079573281e-01,4.630242998602389082e-01,4.360755208684959916e-01,1.009837172405037453e+00,1.013649652483479269e+00,1.012100942844701645e+00,1.008326950110052911e+00,6.022790362968762912e-01,6.249431159049800844e-01,5.980928431849947824e-01,6.046462996742739682e-01,9.786824679431321803e-25,8.763662182698138403e-02,2.339836638369720886e-03
2.750000000000000000e+00,1.548699360755766419e+00,1.449888084384473919e+00,1.548699360755762866e+00,2.995660265817500778e-01,3.156160939651126429e-01,6.289275734574576449e-01,6.431819235000204582e-01,1.077343947387793488e+00,1.067335745428996452e+00,4.122087265792095945e-01,4.791583868268172175e-01,4.098714549332728718e-01,4.845634363585523685e-01,4.367101355052223632e-01,4.137716582589086589e-01,9.793503813451692741e-01,9.821743654742390861e-01,9.810543896699557287e-01,9.773988609310763076e-01,5.690784515656878151e-01,5.904096417180340062e-01,5.624881143072281153e-01,5.697122862269865529e-01,7.093678850215772493e-25,7.856991379385261376e-02,2.373769925783761683e-03
2.775000000000000355e+00,1.496305532631019286e+00,1.397628708563848798e+00,1.496305532631095891e+00,2.842086913138378024e-01,2.990399534630607814e-01,6.024653832439748058e-01,6.160668429414584146e-01,1.036688056445796979e+00,1.027009997402032138e+00,3.897255926032296425e-01,4.532079387183826635e-01,3.852002060339166922e-01,4.581046420852973866e-01,4.113897557006482852e-01,3.921625767465496404e-01,9.487943677718071456e-01,9.506970908833092260e-01,9.499769973336150697e-01,9.464381363387954771e-01,5.370760964815971539e-01,5.570615699748299177e-01,5.282854421753292451e-01,5.360880873196602892e-01,8.912029461092709613e-26,7.033419833009768585e-02,2.401527628012118960e-03
2.799999999999999822e+00,1.444731404312764145e+00,1.346283638823581486e+00,1.444731404312850076e+00,2.693232255755590443e-01,2.829790573970882850e-01,5.765369222708388586e-01,5.894924072884732968e-01,9.967070370939193902e-01,9.873592436898791513e-01,3.680856686339730732e-01,4.281574016923874737e-01,3.615804660273863602e-01,4.325833096921969378e-01,3.870946913521771116e-01,3.712876838425482329e-01,9.183012164394147581e-01,9.193480994210049273e-01,9.189997715332565154e-01,9.155756766217303388e-01,5.063121778686376917e-01,5.249482522448216670e-01,4.955202707847047305e-01,5.038136460093589619e-01,8.033548074603278568e-25,6.287192901620326790e-02,2.423247409213429536e-03
2.825000000000000178e+00,1.394091590554818350e+00,1.295962382333720520e+00,1.394091590554819238e+00,2.549386137703806843e-01,2.674655553255469997e-01,5.512080496944572472e-01,5.635268555396525381e-01,9.575000083004847617e-01,9.484813836444714319e-01,3.473115988148248734e-01,4.040434316061353726e-01,3.390282165045138130e-01,4.080337457497591469e-01,3.638454242865441501e-01,3.511768892780574025e-01,8.879897356430708211e-01,8.882441319153515646e-01,8.882403028405683187e-01,8.849289770272243949e-01,4.768141866101309190e-01,4.941056419172349390e-01,4.642143538747908194e-01,4.729155190030531752e-01,2.722117639322872164e-26,5.612635681777009000e-02,2.439114431266506053e-03
2.850000000000000089e+00,1.344484535433519312e+00,1.246758223982238123e+00,1.344484535433589922e+00,2.410768927625534241e-01,2.525239170038819925e-01,5.265339590329713992e-01,5.382274849765582569e-01,9.191517660703076853e-01,9.104601045885568622e-01,3.274172585194291552e-01,3.808920978978888594e-01,3.175495810490712167e-01,3.844796763461426070e-01,3.416524193051224678e-01,3.318513658515939713e-01,8.579657667999843751e-01,8.574887586026270769e-01,8.578031042276386131e-01,8.546024651485011336e-01,4.485979772912091490e-01,4.645573427839256864e-01,4.343769666635229343e-01,4.434080139661559783e-01,5.288500050227189527e-25,5.004214740722760790e-02,2.449354033100293281e-03
2.875000000000000000e+00,1.295993381533567579e+00,1.198749136554740913e+00,1.295993381533553590e+00,2.277537448035785450e-01,2.381715805922550722e-01,5.025598287893988658e-01,5.136413100264282106e-01,8.817335625513986752e-01,8.733656590645256790e-01,3.084086348431485658e-01,3.587198043850628459e-01,2.971419121993931212e-01,3.619351989175370043e-01,3.205171766395488175e-01,3.133243437015285071e-01,8.283226360697067969e-01,8.271728763063784795e-01,8.277800882528619786e-01,8.246879779335768434e-01,4.216688843239426721e-01,4.363157064208334490e-01,4.060061522613129803e-01,4.152943649866394082e-01,2.356176511310440045e-24,4.456587763793427165e-02,2.454224539549111194e-03
2.900000000000000355e+00,1.248686926249441109e+00,1.151998773682568533e+00,1.248686926249513940e+00,2.149791066135115780e-01,2.244196205186898552e-01,4.793215302056428317e-01,4.898057807529379581e-01,8.453039662518201380e-01,8.372557221407511685e-01,2.902847079433533151e-01,3.375342329194908619e-01,2.777948684234283205e-01,3.404057518698678231e-01,3.004332810106982721e-01,2.956019173298480851e-01,7.991417181715987361e-01,7.973753135592164254e-01,7.982511540146903783e-01,7.952653484222957925e-01,3.960228485219907113e-01,4.093829513784215113e-01,3.790899750391844569e-01,3.885679193029930034e-01,3.703560641634889764e-25,3.964642018227568232e-02,2.454010353804943201e-03
2.924999999999999822e+00,1.202620636085403705e+00,1.106557516501396110e+00,1.202620636085401706e+00,2.027577799540381809e-01,2.112734186476652454e-01,4.568463703993633773e-01,4.667495386996012852e-01,8.099097762068441231e-01,8.021763018047379790e-01,2.730383159236424162e-01,3.173352887575927039e-01,2.594914614737138248e-01,3.198890810282508101e-01,2.813874274101459960e-01,2.786838478117087403e-01,7.704930850168403289e-01,7.681635162815816376e-01,7.692848564960194091e-01,7.664030748345422861e-01,3.716475319090961627e-01,3.837522808968769072e-01,3.536077572650151990e-01,3.632133122837368777e-01,1.731534291900990786e-25,3.523522691670220863e-02,2.449015459625129322e-03
2.950000000000000178e+00,1.157837693338480189e+00,1.062463548522843304e+00,1.157837693338441110e+00,1.910900315160700413e-01,1.987333251255013200e-01,4.351538519209914857e-01,4.444931906527293530e-01,7.755869662157277578e-01,7.681626787379780552e-01,2.566569892113366724e-01,2.981160298633404593e-01,2.422090583743161663e-01,3.003761853952234828e-01,2.633604074782030513e-01,2.625643456446791202e-01,7.424362145375654753e-01,7.395942894797583600e-01,7.409391337332936756e-01,7.381590474453363360e-01,3.485234022461852210e-01,3.594089794953508332e-01,3.295312792687182801e-01,3.392076114190485936e-01,8.599558641305260668e-25,3.128652251549530333e-02,2.439557424338848531e-03
2.975000000000000089e+00,1.114370053101949809e+00,1.019743936837828713e+00,1.114370053101975122e+00,1.799721723469686341e-01,1.867952979003527081e-01,4.142564326500919325e-01,4.230500837998551478e-01,7.423616386232396724e-01,7.352403551086680311e-01,2.411237434972535731e-01,2.798635656719314913e-01,2.259203259978765366e-01,2.818522280895131016e-01,2.463280439734716887e-01,2.472328226357755065e-01,7.150207380210639174e-01,7.117145734176332228e-01,7.132620702066012619e-01,7.105813116458949974e-01,3.266247724247804962e-01,3.363314724075891493e-01,3.068259272861015852e-01,3.165214138225875273e-01,1.529983064732592541e-24,2.775742003253755044e-02,2.425961960971903097e-03
3.000000000000000000e+00,1.072239492006233252e+00,9.784157012818422983e-01,1.072239492006217487e+00,1.693971092400806955e-01,1.754515123383394992e-01,3.941602726772964194e-01,4.024270685457784769e-01,7.102509703772801331e-01,7.034259952590999898e-01,2.264178231249260320e-01,2.625599139066183696e-01,2.105941095309227795e-01,2.642974014590287468e-01,2.302620641024561710e-01,2.326746039080710149e-01,6.882872072046333223e-01,6.845622357143577030e-01,6.862926778219500257e-01,6.837088485657566439e-01,3.059207832319959519e-01,3.144923351841001913e-01,2.854517767164655440e-01,2.951198851726327677e-01,2.287948281509072858e-25,2.460797009779265923e-02,2.408558087140078886e-03
3.025000000000000355e+00,1.031458633427016602e+00,9.384868565398079010e-01,1.031458633427041915e+00,1.593548625347304126e-01,1.646909345930682167e-01,3.748659574300493014e-01,3.826252379024761563e-01,6.792641372092120822e-01,6.727283442642720823e-01,2.125153893736310695e-01,2.461828069025032706e-01,1.961962391398789918e-01,2.476877382502226110e-01,2.151309054551779620e-01,2.188715935835811865e-01,6.622678652682360001e-01,6.581668637393952581e-01,6.600616787591747636e-01,6.575723575336945848e-01,2.863763211073332982e-01,2.938592439159712910e-01,2.653646018557122566e-01,2.749637312155374103e-01,8.478232671093653384e-25,2.180115486363516306e-02,2.387673888426911778e-03
3.049999999999999822e+00,9.920319369673182841e-01,8.999574152642420000e-01,9.920319369672880860e-01,1.498330465202298567e-01,1.544998543258413182e-01,3.563691886791030550e-01,3.636406347983852094e-01,6.494032046706933459e-01,6.431491132081047502e-01,1.993901502731251774e-01,2.307064414095307547e-01,1.826902617299699383e-01,2.319958632582349023e-01,2.009004508553823842e-01,2.058028898401324802e-01,6.369874085913076467e-01,6.325505444297399027e-01,6.345922772008534274e-01,6.321950273976283396e-01,2.679528652566841029e-01,2.743958593168700499e-01,2.465168061164446645e-01,2.560100957802780575e-01,3.782712131444193106e-25,1.930283706825470375e-02,2.363632883929192054e-03
3.075000000000000178e+00,9.539566428166620371e-01,8.628203430850598377e-01,9.539566428166332823e-01,1.408173101816906914e-01,1.448623740898290213e-01,3.386614372159543196e-01,3.454649208486703094e-01,6.206639773748833244e-01,6.146838226227483437e-01,1.870139304824373072e-01,2.161021680910525655e-01,1.700380969014502197e-01,2.171916821236145323e-01,1.875346906511992373e-01,1.934453469243437862e-01,6.124637286748866316e-01,6.077286212040698965e-01,6.099009095004336301e-01,6.075932862666560963e-01,2.506092609094012769e-01,2.560626403786820937e-01,2.288582693459127460e-01,2.382133817473376103e-01,5.720561318187946226e-25,1.708167366651779789e-02,2.336750970478344239e-03
3.100000000000000089e+00,9.172236640831051835e-01,8.270624588880238770e-01,9.172236640831623600e-01,1.322917373101106797e-01,1.357608541320050044e-01,3.217305528773189427e-01,3.280860020626827356e-01,5.930368001233328190e-01,5.873225978548093362e-01,1.753571813118210143e-01,2.023391188273052366e-01,1.582006179986900907e-01,2.032430058181231014e-01,1.749963127793806306e-01,1.817740832573426502e-01,5.887086259255309706e-01,5.837104199496000456e-01,5.859979646456824343e-01,5.837775215361749037e-01,2.343024175301260947e-01,2.388175854132467413e-01,2.123371110479706503e-01,2.215259935197891883e-01,8.945037804226672383e-25,1.510900245918504921e-02,2.307333911927022564e-03
3.125000000000000000e+00,8.818184223720211268e-01,7.926652759122904124e-01,8.818184223720116899e-01,1.242392060291547529e-01,1.271763125258626170e-01,3.055613292166166617e-01,3.114886086227383610e-01,5.665073066310405414e-01,5.610509121392461829e-01,1.643894322262648700e-01,1.893847715328915160e-01,1.471381606015572940e-01,1.901161109519559078e-01,1.632472224222986656e-01,1.707629360678258879e-01,5.657284890469888028e-01,5.604999381058223262e-01,5.628884689219728621e-01,5.607527641054045331e-01,2.189879325240326746e-01,2.226169001022298699e-01,1.969003701859638189e-01,2.058990013439531697e-01,1.591011167761218729e-24,1.335870908869188703e-02,2.275675338648791741e-03
3.150000000000000355e+00,8.477216237546257860e-01,7.596057810842894442e-01,8.477216237546160160e-01,1.166417086671188014e-01,1.190887815334119859e-01,2.901360215123958697e-01,2.956548272999400262e-01,5.410571133065128491e-01,5.358502748930957793e-01,1.540796861367816351e-01,1.772054534943340587e-01,1.368109618965056284e-01,1.777762372863153917e-01,1.522489942017500320e-01,1.603848640017078442e-01,5.435249355729477871e-01,5.380964926503307710e-01,5.405727304632345076e-01,5.385193324795807257e-01,2.046206423222176052e-01,2.074155936151046986e-01,1.824946037197065773e-01,1.912827292449722494e-01,2.641803310901966760e-25,1.180708073508736876e-02,2.242055204896657543e-03
3.174999999999999822e+00,8.149099738416477612e-01,7.278571515563545535e-01,8.149099738417387995e-01,1.094806335098610778e-01,1.114776217944173781e-01,2.754348179193433221e-01,2.805645862178101080e-01,5.166644569945197940e-01,5.116988641808932758e-01,1.443967615119779446e-01,1.657667852591143964e-01,1.271795351779997640e-01,1.661880248387139214e-01,1.419632607131066371e-01,1.506122999486274039e-01,5.220954106140439643e-01,5.164953243205592237e-01,5.190469409115777699e-01,5.170734339819970105e-01,1.911551038270119796e-01,1.931680050422985295e-01,1.690664072277574537e-01,1.776272695011223424e-01,1.769443936037271456e-24,1.043265183754467189e-02,2.206738664810266488e-03
3.200000000000000178e+00,7.833568319735012553e-01,6.973894087143730491e-01,7.833568319735043639e-01,1.027370104848650961e-01,1.043217965230051336e-01,2.614362645061107937e-01,2.661960926440471997e-01,4.933047768016843859e-01,4.885721035047649319e-01,1.353095848450980021e-01,1.550340678924768678e-01,1.182049842637391823e-01,1.553158937037217580e-01,1.323520417830303941e-01,1.414174568975959667e-01,5.014337421882649748e-01,4.956881566876188416e-01,4.983037326945705114e-01,4.964077215885887573e-01,1.785460099853473093e-01,1.798282632751250498e-01,1.565628618404372174e-01,1.648829274276601420e-01,1.022255026458229794e-26,9.216046245708306439e-03,2.169975310977220739e-03
3.225000000000000089e+00,7.530328055820770805e-01,6.681700109356155659e-01,7.530328055820432187e-01,9.639172312237224982e-02,9.760010824368549331e-02,2.481176456238205486e-01,2.525262252130030527e-01,4.709512410769611801e-01,4.664431840160468967e-01,1.267874373336841110e-01,1.449726169824784583e-01,1.098492629332614851e-01,1.451243702455638496e-01,1.233780192101044393e-01,1.327725900303491358e-01,4.815306525792246162e-01,4.756637097573767070e-01,4.783326914949632691e-01,4.765118059631775482e-01,1.667485438385963303e-01,1.673506841402563061e-01,1.449319123576285340e-01,1.530006008769499437e-01,1.542099564193924309e-25,8.139819352743802444e-03,2.131998732785744810e-03
3.250000000000000000e+00,7.239062865969090321e-01,6.401643871812939812e-01,7.239062865968579619e-01,9.042568937261814821e-02,9.129140087192560982e-02,2.354553215987606196e-01,2.395308825552917853e-01,4.495752213718546275e-01,4.452835339891961230e-01,1.188001597896232997e-01,1.355480471559047662e-01,1.020753846271396509e-01,1.355783636520001834e-01,1.150047619232670848e-01,1.246502184968126259e-01,4.623742260370226065e-01,4.564081686268580129e-01,4.591208243479281692e-01,4.573727231313421404e-01,1.557186757477823369e-01,1.556901090385887920e-01,1.341226818231427143e-01,1.419320992570120010e-01,1.159205405138133052e-26,7.188303015670878711e-03,2.093026347994760179e-03
3.275000000000000355e+00,6.959439323875632466e-01,6.133364141161283811e-01,6.959439323875470373e-01,8.482001394443999809e-02,8.537473005412360427e-02,2.234250261372720259e-01,2.271852907197571825e-01,4.291467157748227734e-01,4.250632379618312084e-01,1.113183198381431788e-01,1.267265110914970461e-01,9.484758763458542297e-02,1.266433970310477941e-01,1.071969065317545933e-01,1.170233104327618318e-01,4.439503338257749232e-01,4.379056083952763689e-01,4.406529844798851014e-01,4.389753589093740582e-01,1.454134086936535175e-01,1.448021896283708532e-01,1.240857280609159174e-01,1.316304071134944409e-01,4.402492029837403306e-25,6.347455406963584471e-03,2.053259462803179447e-03
3.299999999999999822e+00,6.691110941819230495e-01,5.876488398673200830e-01,6.691110941819264912e-01,7.955611486171208779e-02,7.982950473264090185e-02,2.120021260827327780e-01,2.154642720419827906e-01,4.096347244090027817e-01,4.057514083341128286e-01,1.043133454021965140e-01,1.184748971115412303e-01,8.813146086375288346e-02,1.182857972847135702e-01,9.992029815019108641e-02,1.098654347882448423e-01,4.262430181517448124e-01,4.201383770406200147e-01,4.229122545223546470e-01,4.213028317238167730e-01,1.357909765972421523e-01,1.346436232201842775e-01,1.147732477401315204e-01,1.220498973981901797e-01,3.423653574778624401e-25,5.604717378966177395e-03,2.012883522967814920e-03
3.325000000000000178e+00,6.433721962011735851e-01,5.630636578279120119e-01,6.433721962012327600e-01,7.461582688423119836e-02,7.463560285464544697e-02,2.011618463254054856e-01,2.043424782852119870e-01,3.910075801582868493e-01,3.873165124910675217e-01,9.775762832930361135e-02,1.107609894202695733e-01,8.189403506978465419e-02,1.104728479508533812e-01,9.314209620454912131e-02,1.031508834645449429e-01,4.092348368975908812e-01,4.030874383464849164e-01,4.058802901157487764e-01,4.043368358380803884e-01,1.268110005436189347e-01,1.251723435653813998e-01,1.061392334773172963e-01,1.131464995118911798e-01,2.619953254910263334e-26,4.948876445006806200e-03,1.972068518156617004e-03
3.350000000000000089e+00,6.186910689324179868e-01,5.395424340660186502e-01,6.186910689324262025e-01,6.998148435350419472e-02,6.977346405966972087e-02,1.908794627262338228e-01,1.937945909486203100e-01,3.732332378351520541e-01,3.697266586567689028e-01,9.162460182455996194e-02,1.035535949642516496e-01,7.610384413174733909e-02,1.031729090779338331e-01,8.683084967775087093e-02,9.685476712444568426e-02,3.929071713626121065e-01,3.867326772208167784e-01,3.895376261825130859e-01,3.880579472667664009e-01,1.184346076388104602e-01,1.163476716344706979e-01,9.813958932127657409e-02,1.048778270762475429e-01,4.569568539274544007e-25,4.369939086267107808e-03,1.930969508391628536e-03
3.375000000000000000e+00,5.950312400391475354e-01,5.170465919700212298e-01,5.950312400391932766e-01,6.563598589036981346e-02,6.522416203830957993e-02,1.811304659160176411e-01,1.837954916450811604e-01,3.562795250712770811e-01,3.529498437529161592e-01,8.588879512015053230e-02,9.682264073286911410e-02,7.073096064523590187e-02,9.635550801644855723e-02,8.095654596282648996e-02,9.095308786617294083e-02,3.772404993846569243e-01,3.710531699076852763e-01,3.738639483154827525e-01,3.724458948244787626e-01,1.106245170127476418e-01,1.081304308277639264e-01,9.073220973204032536e-02,9.720327018716834466e-02,1.044543942570405293e-25,3.859011770987161999e-03,1.889727242873015653e-03
3.400000000000000355e+00,5.723561864091268880e-01,4.955376577376924274e-01,5.723561864091347706e-01,6.156284321822268896e-02,6.096945909329325175e-02,1.718906987603702752e-01,1.743204053850936908e-01,3.401143581927051907e-01,3.369541665136915887e-01,8.052586855554806633e-02,9.053924511541786013e-02,6.574700974564119671e-02,8.999140478128285492e-02,7.549063716836844351e-02,8.542279174277980780e-02,3.622146363153888604e-01,3.560274216738746889e-01,3.588383318147416179e-01,3.574797988429300188e-01,1.033450972135633167e-01,1.004830308434457448e-01,8.387702686793113704e-02,9.008405664024110582e-02,3.879903380498157857e-26,3.408190815361969959e-03,1.848468848219211261e-03
3.424999999999999822e+00,5.506295507750239571e-01,4.749774702468272936e-01,5.506295507750501583e-01,5.774621622638557994e-02,5.699184525811964303e-02,1.631364701899868652e-01,1.653450195149328561e-01,3.247059262803141944e-01,3.217080090451231444e-01,7.551263196879964834e-02,8.467576669287832369e-02,6.112516471481319741e-02,8.405263538625593056e-02,7.040604738380243366e-02,8.024180388277125930e-02,3.478089463489351663e-01,3.416335745659949130e-01,3.444394509263720705e-01,3.431383801100917896e-01,9.656239893870258162e-02,9.336952417727333031e-02,7.753603066616304718e-02,8.348328632557974749e-02,8.818980203925040022e-27,3.010461015243015483e-03,1.807308561376832915e-03
3.450000000000000178e+00,5.298153262305156375e-01,4.553283587116862541e-01,5.298153262304492461e-01,5.417093619856049036e-02,5.327456412555409138e-02,1.548446479532634146e-01,1.568455809166666992e-01,3.100228464939810413e-01,3.071801898941103337e-01,7.082704903099024119e-02,7.920583359422035674e-02,5.684012756480467943e-02,7.851253628322595046e-02,6.567716407463679296e-02,7.538904873589372113e-02,3.340025266831795347e-01,3.278495878001339570e-01,3.306457608084980015e-01,3.294001415567612279e-01,9.024416673608165462e-02,8.675563895119195457e-02,7.167326584718505811e-02,7.736594267178335815e-02,1.253321205136174591e-25,2.659602823677553740e-03,1.766348492421433106e-03
3.475000000000000089e+00,5.098780118164023545e-01,4.365532913711331897e-01,5.098780118164045749e-01,5.082251896459030749e-02,4.980162735196984325e-02,1.469927326994727446e-01,1.487989739297876091e-01,2.960342935955210808e-01,2.933400915476869764e-01,6.644822988062859537e-02,7.410435627734270059e-02,5.286809743681703672e-02,7.334575275825941376e-02,6.127981643981944559e-02,7.084445772749434211e-02,3.207743669297277167e-01,3.146533932707913928e-01,3.174356546799440015e-01,3.162435251457819674e-01,8.435983298014103349e-02,8.060879147260077704e-02,6.625480960808252662e-02,7.169888468818876037e-02,8.177290084427750621e-26,2.350107738030298484e-03,1.725679399497733867e-03
3.500000000000000000e+00,4.907827421781301713e-01,4.186159982758233533e-01,4.907827421781246757e-01,4.768716955417105774e-02,4.655781960767042121e-02,1.395589156307318612e-01,1.411827812832320561e-01,2.827101064410122988e-01,2.801577651186247242e-01,6.235641416048005869e-02,6.934752633605546779e-02,4.918672932073032272e-02,6.852823386564038666e-02,5.719124324454862712e-02,6.658896637820178876e-02,3.081034860969447675e-01,3.020230285635064904e-01,3.047875985092362572e-01,3.036470463212553317e-01,7.888049710928188296e-02,7.489808163126120133e-02,6.124873340480223305e-02,6.645082282414423169e-02,1.548729052994706035e-25,2.077101481739767469e-03,1.685381464789485447e-03
