P_over_N,iid_natural,diag_lognormal_0,diag_lognormal_1,diag_lognormal_2,diag_lognormal_3,diag_lognormal_4,diag_lognormal_5,rot_powerlaw_0,rot_powerlaw_1,rot_powerlaw_2,rot_powerlaw_3,slice_d4_0,slice_d4_1,slice_d16_0,slice_d16_1,slice_d64_0,slice_d64_1,train_span
5.000000000000000278e-02,1.051668323659863846e+00,9.621225802538324601e-01,1.026277522659639896e+00,1.068183505135559486e+00,9.963439509339648836e-01,1.077628363620037666e+00,1.001029160979853838e+00,1.129538115927354758e+00,9.309938472631037465e-01,1.033409531862002684e+00,1.042024664669176648e+00,8.149581260604363830e-01,7.832577908184924498e-01,9.404840323778481670e-01,1.001081200650870695e+00,1.047008901173018813e+00,9.666925158518664407e-01,9.642834903773005450e-01
1.000000000000000056e-01,1.095180452678284677e+00,1.009353532165597755e+00,1.115447713577908617e+00,1.129861860451521371e+00,1.035695267385044804e+00,1.130425818139594307e+00,1.049718711702234852e+00,1.225150392596542348e+00,1.012549532106052919e+00,1.099651347462359263e+00,1.056906507830845499e+00,8.551090390636331140e-01,8.026313935336453209e-01,1.006382430652005278e+00,1.019607695196300901e+00,1.107188643986559473e+00,1.000848258381968892e+00,8.900299027368901994e-01
1.499999999999999944e-01,1.116346011192199894e+00,1.074853481348956974e+00,1.138357463374596534e+00,1.157831643743835182e+00,1.071820356202683122e+00,1.159855434054145373e+00,1.065835990448506632e+00,1.171525671113868849e+00,1.047071979246989359e+00,1.091214096941063749e+00,1.129152336641162657e+00,8.027969013191100789e-01,1.020347126866504084e+00,1.015771755092023998e+00,1.081387370008966675e+00,1.137041154072822247e+00,1.056898828989517813e+00,8.415551794304928501e-01
2.000000000000000111e-01,1.226795348572233157e+00,1.160234132529463835e+00,1.200778844053880023e+00,1.254545008649933235e+00,1.221342114509907484e+00,1.265782995596735017e+00,1.131254840242530424e+00,1.259007421243171887e+00,1.127656946691979467e+00,1.168342513406199989e+00,1.233366671716624507e+00,7.217441892452938212e-01,1.105932066615559872e+00,1.119418855040609007e+00,1.162503334535128108e+00,1.236132777426042662e+00,1.184880101942154429e+00,7.628703390000379780e-01
2.500000000000000000e-01,1.344182765411562119e+00,1.292190851347965630e+00,1.312120859402043926e+00,1.278077957732486336e+00,1.294623472543213749e+00,1.404819016904656825e+00,1.261286220112183942e+00,1.399924154067184734e+00,1.245327542990452008e+00,1.306424834265181190e+00,1.467217998426071812e+00,1.065092074904694597e+00,1.139811507633858856e+00,1.325606148632494818e+00,1.175118050727969043e+00,1.280216885367790436e+00,1.273482955119532578e+00,6.924718005109836705e-01
2.999999999999999889e-01,1.376299018846522282e+00,1.371916285342233532e+00,1.361543502428295138e+00,1.318890370016397195e+00,1.353800625795324786e+00,1.426180622003796916e+00,1.260033725886486433e+00,1.519463822437175704e+00,1.345568148318174284e+00,1.307113206159959073e+00,1.506179251570084698e+00,1.044058702200603594e+00,1.233333736079931242e+00,1.367353786636039459e+00,1.175621834095788687e+00,1.334803958664622314e+00,1.281357350145575280e+00,6.667282801398928260e-01
3.499999999999999778e-01,1.447927225374253002e+00,1.431683759088662189e+00,1.442538451466089722e+00,1.387011356996687761e+00,1.383149118408091960e+00,1.479936934461620002e+00,1.356265515585167059e+00,1.560981496250147149e+00,1.466518868211882154e+00,1.377408866596487202e+00,1.640385535318915178e+00,1.042134462659574989e+00,1.415054236383205488e+00,1.396695184626187247e+00,1.220541279556340175e+00,1.420588015940037696e+00,1.369201055690457469e+00,6.447484281711662879e-01
4.000000000000000222e-01,1.501724665116067836e+00,1.508132955746194437e+00,1.519988846582108089e+00,1.458080808576454279e+00,1.462908773911727467e+00,1.535880637710240970e+00,1.392027212277983761e+00,1.663674345346350947e+00,1.461023761056390979e+00,1.377839140066182022e+00,1.717483917860060938e+00,1.074858000583554185e+00,1.308799485975592036e+00,1.519908784537382207e+00,1.265757151428176241e+00,1.447179389831210417e+00,1.445843345507409561e+00,5.886983603742372839e-01
4.500000000000000111e-01,1.629731846920433158e+00,1.605769940508916971e+00,1.593693105497663298e+00,1.560037206026446022e+00,1.638313557393920927e+00,1.599421473403305427e+00,1.490765552241983816e+00,1.745449093558393727e+00,1.523648566997213738e+00,1.414205816119362691e+00,1.766408013567630109e+00,1.337893177627718755e+00,1.631418922656622472e+00,1.759396555219137070e+00,1.317426111016564594e+00,1.562447998672470195e+00,1.614969271561735864e+00,5.148724082661136903e-01
5.000000000000000000e-01,1.908374849200617618e+00,1.857369153011713792e+00,1.927602810711674719e+00,1.905399884203849314e+00,1.985035760465062582e+00,1.876227164614219900e+00,1.742365031321600810e+00,2.023001001218929673e+00,1.727981133829858518e+00,1.597568349160445100e+00,1.922237599775557415e+00,1.466618685450061355e+00,1.648967238831474447e+00,2.115280392795162889e+00,1.537592085318252533e+00,1.834545320786334699e+00,1.951291083159997441e+00,4.527532930752983242e-01
5.500000000000000444e-01,2.039961541262388600e+00,1.924137299592007411e+00,1.927567365737500982e+00,2.032920988925774886e+00,2.148332778024523382e+00,1.983409431367463949e+00,1.882716974088431083e+00,2.153840118913406432e+00,1.699268999127535151e+00,1.665821625080959212e+00,1.842653289852902887e+00,1.628136563261304293e+00,1.744851612634250371e+00,2.293262880574609142e+00,1.602634773338392549e+00,1.972128179393338954e+00,2.057377941498392371e+00,3.839950288918743682e-01
5.999999999999999778e-01,2.254472459782069116e+00,2.229468325995700884e+00,2.105970672762835338e+00,2.294855603517020004e+00,2.303086715240177718e+00,2.179462087566720996e+00,2.129303520520410498e+00,2.545444642389347756e+00,1.861338639140869944e+00,1.852939053235549860e+00,2.089140712826016877e+00,1.617573051191222078e+00,1.754249932858264360e+00,2.576836446367179789e+00,1.873011327924220648e+00,2.196857154855922367e+00,2.252328834939506308e+00,3.390945594059986967e-01
6.500000000000000222e-01,2.480441300355757939e+00,2.479127827402187734e+00,2.307303067024137011e+00,2.535253727082753095e+00,2.490508061116356142e+00,2.534731660693357203e+00,2.284559532194962550e+00,2.651300323870019238e+00,2.043093873067408417e+00,2.240363010719145898e+00,2.194245542264998239e+00,2.127314363145543119e+00,1.830641064941297413e+00,2.715614868518971825e+00,2.085614186785577751e+00,2.368818954321412651e+00,2.326583655113155569e+00,2.896761770531322000e-01
6.999999999999999556e-01,3.439809895309843935e+00,3.448526980112247120e+00,3.247343277426651298e+00,3.457852707287656813e+00,3.363428048132207859e+00,3.396317901623105762e+00,3.192161699057266322e+00,3.560702493292121851e+00,2.920567049746464861e+00,2.899629481811703435e+00,2.821877539846322058e+00,2.416666733021072933e+00,2.741887764770633229e+00,3.762655651011282743e+00,2.863233824517638304e+00,3.371177903836188872e+00,3.248758922740940136e+00,2.223615762589132017e-01
7.500000000000000000e-01,3.985518594694371419e+00,3.976765992926865501e+00,3.820511922654959314e+00,3.994800695699777915e+00,4.004548644463491236e+00,4.007275703271028000e+00,3.874717435059206849e+00,3.886865138827341859e+00,3.496067871625044177e+00,3.638015128985863100e+00,3.132676321847176926e+00,2.633615413051772158e+00,2.596560272399696334e+00,4.306187421807822879e+00,3.526218598681233551e+00,3.940403057170382972e+00,3.763592384199078822e+00,1.803815463540657527e-01
8.000000000000000444e-01,5.113339057948349087e+00,4.866958393233948854e+00,4.854183888397606950e+00,5.263588589591043032e+00,5.097442057699123730e+00,4.965657273152721984e+00,5.308026983208355531e+00,5.230898187320453196e+00,4.540404608489942540e+00,4.318387201068238923e+00,3.878297995718640756e+00,3.873304603111761057e+00,2.734377935948709926e+00,5.064957146903968699e+00,4.724223873322368483e+00,5.160949585782062421e+00,5.066181161464275995e+00,1.461112078931144365e-01
8.499999999999999778e-01,5.580970886634416317e+00,5.631731241837823809e+00,5.361233945254721078e+00,5.799215200971952200e+00,5.605727948353960599e+00,5.368134745587473056e+00,5.829099518412737879e+00,5.915274322816542529e+00,5.199742885325538744e+00,5.482522359102856235e+00,4.027810728073244917e+00,4.367630173906801083e+00,3.853647956337418634e+00,5.445599419269247399e+00,5.700003278915995786e+00,5.441193978657802077e+00,5.271828971304511668e+00,1.166706329284774302e-01
9.000000000000000222e-01,5.856535184287466222e+00,5.947156451519486353e+00,5.655599151813087033e+00,6.019995906772505734e+00,6.013891968298844759e+00,5.645710533919874763e+00,6.093642945100188335e+00,6.076620749490394324e+00,5.174174264993817829e+00,5.368358439319268705e+00,4.380522488984565754e+00,5.526194970659785710e+00,4.270628374918238990e+00,5.449504994789042378e+00,6.176157886475052372e+00,5.901936622515004061e+00,5.700852627835912401e+00,1.039696508967641597e-01
9.499999999999999556e-01,2.419370647520205608e+01,2.314447574193409451e+01,2.137454370817498628e+01,2.328878635364058525e+01,2.536742556689299732e+01,2.033422953636576480e+01,2.740016174062329313e+01,2.024210687007728282e+01,2.664936687842813967e+01,2.120878587678199523e+01,2.182847298078662490e+01,2.360626752333443079e+01,2.049234723372473610e+01,2.643527389129819127e+01,2.637083431593350724e+01,2.625967708709456616e+01,2.221086023733851889e+01,6.657482917319992866e-02
1.000000000000000000e+00,7.534934120346614463e+02,7.738093153233496651e+02,8.435319775579979478e+02,7.317585681639984614e+02,7.081322129014293978e+02,8.466376208061083162e+02,7.082619027394578097e+02,9.823522407363880120e+02,6.593409080656201695e+02,8.155235630187474953e+02,8.958143122855824458e+02,2.484414506710194530e+02,6.271461328882535327e+02,9.761605545381296452e+02,8.692709238371962783e+02,7.256758905001555604e+02,8.395072694490465892e+02,2.318495670274672502e-02
1.050000000000000044e+00,2.031293041566032187e+01,1.808830311036418692e+01,2.067411882309545490e+01,1.627186860194342444e+01,1.944482700361377425e+01,1.972953551557127838e+01,2.141257497281416278e+01,2.190142662430566745e+01,1.664138929599313599e+01,1.910666092556808593e+01,1.764107630306300933e+01,1.018183335315939786e+01,2.870478763258557819e+01,2.179960171416031400e+01,1.628451005216514957e+01,1.912148032019430133e+01,1.920003833094541434e+01,2.318495670274684298e-02
1.100000000000000089e+00,7.837517275305162734e+00,7.538997922307869359e+00,8.055513195823502670e+00,7.724154696441149603e+00,6.932078655377139853e+00,7.814007436504998516e+00,8.715045504488292849e+00,9.167399759855513253e+00,7.181766131348955362e+00,7.327428117185613488e+00,8.215682462133957031e+00,5.335309274950846614e+00,1.020846982018183269e+01,7.837681378941086408e+00,6.533615630705796207e+00,7.896848190311904325e+00,7.554570782368268844e+00,2.318495670274675277e-02
1.149999999999999911e+00,5.822724399252366290e+00,5.593006835262577248e+00,5.931648594229350202e+00,6.257621174269490716e+00,5.102090187819200651e+00,5.635825094051027051e+00,6.304743201837287536e+00,5.910696609443904848e+00,5.494730687410944725e+00,5.428226103848481365e+00,5.371989585991007843e+00,5.004908570811350543e+00,5.159693839346789268e+00,6.346176471457376067e+00,5.007180200370362044e+00,5.826925117202677917e+00,5.480650375409273245e+00,2.318495670274672849e-02
1.199999999999999956e+00,3.782280022534437958e+00,3.722038582678621310e+00,3.874709581425903160e+00,3.934210115212429137e+00,3.369046558380101253e+00,3.734689250177034125e+00,3.752765194503888235e+00,3.164767849025437396e+00,3.605699485139364668e+00,3.724518463775718935e+00,3.223105675863989550e+00,3.359898191178655402e+00,3.860953156336695891e+00,3.682969629496194219e+00,3.050015145762682511e+00,3.718655093678343349e+00,3.671962679315645683e+00,2.318495670274666950e-02
1.250000000000000000e+00,3.332907339676651759e+00,3.294012289872013444e+00,3.437292150188555606e+00,3.387311711545154314e+00,3.115424274751581457e+00,3.314208538560659889e+00,3.310349581858904600e+00,2.954520396687299932e+00,2.982613484731993392e+00,3.438460555818842579e+00,2.899573773075104555e+00,3.105221612718108926e+00,3.128857422671516453e+00,3.259417741239604815e+00,3.050934410379961381e+00,3.343722950845630315e+00,3.265463563720238049e+00,2.318495670274673195e-02
1.300000000000000044e+00,2.657583526569604171e+00,2.589710419269127595e+00,2.800194938212944074e+00,2.757665238634971594e+00,2.513862603056701950e+00,2.502901358240072760e+00,2.532981991884401207e+00,2.347499716823357563e+00,2.405909418524603716e+00,2.256959629472125251e+00,2.363920799621167301e+00,2.889750393267824347e+00,2.842441699002515865e+00,2.759608348247274634e+00,2.267765779397067583e+00,2.605231879004549889e+00,2.471460595018694750e+00,2.318495670274675277e-02
1.350000000000000089e+00,2.359412902074497165e+00,2.301558215376251049e+00,2.483067346205086956e+00,2.447268615437390604e+00,2.294622012937530098e+00,2.365658352117011365e+00,2.240349242238982796e+00,2.114738064318701483e+00,2.092744359774317608e+00,2.017539995740234904e+00,2.085803094773944544e+00,2.896206075686937442e+00,2.524716128354597799e+00,2.705173129548041011e+00,2.142700589639778830e+00,2.300301450575326978e+00,2.257836101634032921e+00,2.318495670274675277e-02
1.399999999999999911e+00,2.045049037865273256e+00,1.954537236305249337e+00,2.143029040930387374e+00,2.099377938448938163e+00,1.997442869213701400e+00,1.968218590282879266e+00,1.949581446600339607e+00,1.833707672381555742e+00,1.866096777327183265e+00,1.845344770062317341e+00,1.978622678524070810e+00,2.747580957773509081e+00,1.904743544404202238e+00,2.190932024522280308e+00,1.800260768888300333e+00,2.069423827327596221e+00,1.963315820202610196e+00,2.318495670274673542e-02
1.449999999999999956e+00,1.926495395177027392e+00,1.880717342646826440e+00,1.969066266185671932e+00,1.978939447733551349e+00,1.882964768770552855e+00,1.880179037401880082e+00,1.836471700402726670e+00,1.737881132817646002e+00,1.751500221446484762e+00,1.820556747547777077e+00,1.865367192166106136e+00,2.363750797065946152e+00,1.903170969757737252e+00,2.124415218689982066e+00,1.729606852357749913e+00,1.911426804686849223e+00,1.799576713625071323e+00,2.318495670274682563e-02
1.500000000000000000e+00,1.842757032287214880e+00,1.734897874039650123e+00,1.871510081617982379e+00,1.814022266861175625e+00,1.736671534629811386e+00,1.840853416191306824e+00,1.723856939088908913e+00,1.789571978614503012e+00,1.695265098840762263e+00,1.682581703352806102e+00,1.757643944563261229e+00,2.310217282314655840e+00,1.602156044473050045e+00,2.055855434256159242e+00,1.531610698751598054e+00,1.799916745405569785e+00,1.684764679480837968e+00,2.318495670274673542e-02
1.550000000000000044e+00,1.740868013031088513e+00,1.692356815583499596e+00,1.686172204469974290e+00,1.690497311315850126e+00,1.652866696513040523e+00,1.752371066671290389e+00,1.629335982676719308e+00,1.750359624501765410e+00,1.622670325249945034e+00,1.514349224223010104e+00,1.621086485766527918e+00,1.966754886846967310e+00,1.388346476838710375e+00,2.014093358728585414e+00,1.471711172554174274e+00,1.690013263712868197e+00,1.570252020238466883e+00,2.318495670274678053e-02
1.600000000000000089e+00,1.686229006123263208e+00,1.639971690654394409e+00,1.638352565164174379e+00,1.614762429810006283e+00,1.565559864726805861e+00,1.705533274266316512e+00,1.570601862987057284e+00,1.669182775662572782e+00,1.581808019429738810e+00,1.422164276326020937e+00,1.592690979129185003e+00,1.934505928842423117e+00,1.307633705502663668e+00,1.898936486349446895e+00,1.461549959848430280e+00,1.630361643184305986e+00,1.466279575281080216e+00,2.318495670274679440e-02
1.649999999999999911e+00,1.658632566508552397e+00,1.619068423792732192e+00,1.620908273760583329e+00,1.596482723078453292e+00,1.528136766967446381e+00,1.682372590373746757e+00,1.574494095598813370e+00,1.653782881506221658e+00,1.534672851808567939e+00,1.418600750256258314e+00,1.566711445439118666e+00,1.933960166079950138e+00,1.224866512128598872e+00,1.869937905249654975e+00,1.477137538252554005e+00,1.611651586477363285e+00,1.463879539103979832e+00,2.318495670274673542e-02
1.699999999999999956e+00,1.543891970054102947e+00,1.439227591470573442e+00,1.477288289910898778e+00,1.460249649135287209e+00,1.446005058154709699e+00,1.524431261893233858e+00,1.470539558118554080e+00,1.504479288959080119e+00,1.362010078561844528e+00,1.360880755146584242e+00,1.543014796572651282e+00,1.794063201823129505e+00,1.253040437007519436e+00,1.684213768296061620e+00,1.390788703577867658e+00,1.480638585639814098e+00,1.373575055715189563e+00,2.318495670274674930e-02
1.750000000000000000e+00,1.473768847728059050e+00,1.382329041062754449e+00,1.403726208326732561e+00,1.403091194419712640e+00,1.381994179856951055e+00,1.471338514496714600e+00,1.381691923498860941e+00,1.432712008199896747e+00,1.256935037280467293e+00,1.371194829879886390e+00,1.473395928482509776e+00,1.624369766639745194e+00,1.121967683422121942e+00,1.497481760584256083e+00,1.379723605858290458e+00,1.423249624938277558e+00,1.304486629085219729e+00,2.318495670274676318e-02
1.800000000000000044e+00,1.468052599014436188e+00,1.365639132115045395e+00,1.393019333535722382e+00,1.394276373617598708e+00,1.365441948847584408e+00,1.443521435710789946e+00,1.361550996249470735e+00,1.402531188716192201e+00,1.238402544166841146e+00,1.333985492881412771e+00,1.478812801548719857e+00,1.610494709365521526e+00,1.106270248785059307e+00,1.473145879786009305e+00,1.383665883663857121e+00,1.424601535435215727e+00,1.293849499540255632e+00,2.318495670274675971e-02
1.850000000000000089e+00,1.429712990417525864e+00,1.308934668248397104e+00,1.371061684224816890e+00,1.355558617848604097e+00,1.329621092655947745e+00,1.379634496412823985e+00,1.334300460564559199e+00,1.366402325599701539e+00,1.204331115143408626e+00,1.296084243051492724e+00,1.436266967337407774e+00,1.597408836238357832e+00,1.067058720340859690e+00,1.447865693905632911e+00,1.431728471180489848e+00,1.396503940999808790e+00,1.263901225088644775e+00,2.318495670274677706e-02
1.899999999999999911e+00,1.393444797387447975e+00,1.278504598656476698e+00,1.340755138290412374e+00,1.344548511057197526e+00,1.312140489660678089e+00,1.342642944727146403e+00,1.322474424509233026e+00,1.347886064682458640e+00,1.147332259034426816e+00,1.290301423711464279e+00,1.405172941729361913e+00,1.533433514890129690e+00,1.114302802932171321e+00,1.428675626735929516e+00,1.444318635389391314e+00,1.383881619111716033e+00,1.232904518998094057e+00,2.318495670274675277e-02
1.949999999999999956e+00,1.353312682595979144e+00,1.235637953549409307e+00,1.310008594186151232e+00,1.316043490740289812e+00,1.292696092650968520e+00,1.307051875265874852e+00,1.269403794785387340e+00,1.318749514073881191e+00,1.081766396038859490e+00,1.293576064540395976e+00,1.399297195256953286e+00,1.428787080446012769e+00,1.064040798544233724e+00,1.361178383659634061e+00,1.388920530652737018e+00,1.369905825417376821e+00,1.233376438645318540e+00,2.318495670274671114e-02
2.000000000000000000e+00,1.335618170038820107e+00,1.215712552134837310e+00,1.285091466469600041e+00,1.277773578348603056e+00,1.276073207766107220e+00,1.284656046121965600e+00,1.265754633507916393e+00,1.391024221776228753e+00,1.070298570768983382e+00,1.251174746188629339e+00,1.372749933958015145e+00,1.403051510396794654e+00,9.361620161959388620e-01,1.348391842340068036e+00,1.368728842477954233e+00,1.362850022204326716e+00,1.205791299323009325e+00,2.318495670274680134e-02
2.049999999999999822e+00,1.317018976964319021e+00,1.190922823010234666e+00,1.282432009196894152e+00,1.272909417904173335e+00,1.267397313811761350e+00,1.289703712731880447e+00,1.262571204013688497e+00,1.344367774532045257e+00,1.099317742395394815e+00,1.179443526303997958e+00,1.397851586420533421e+00,1.324406073803888306e+00,9.454293504143895799e-01,1.316148960763871001e+00,1.377047781152051842e+00,1.330964375844394310e+00,1.191695191446702662e+00,2.318495670274674583e-02
2.100000000000000089e+00,1.313156098824721729e+00,1.194662460008673710e+00,1.264192131044000300e+00,1.277846724751430241e+00,1.256157347754672360e+00,1.295531033537395516e+00,1.254667518195463405e+00,1.367722763696878285e+00,1.106639448157660910e+00,1.182784758749107379e+00,1.386532474689873284e+00,1.277271234170219483e+00,8.685281079490108080e-01,1.308100907404983193e+00,1.365168928594385989e+00,1.326016652005582053e+00,1.173651478688403360e+00,2.318495670274674930e-02
2.149999999999999911e+00,1.302108566045722338e+00,1.168344335748343399e+00,1.255435368435284804e+00,1.272718083323228333e+00,1.240650205461173661e+00,1.301977410231949239e+00,1.274125852954219429e+00,1.353293453257114365e+00,1.085712401154680817e+00,1.150566503124987872e+00,1.402978415863157524e+00,1.267524380874150092e+00,8.707085960651459455e-01,1.316663117735551891e+00,1.348995887566258434e+00,1.315270045732542137e+00,1.169291337712676793e+00,2.318495670274665563e-02
2.200000000000000178e+00,1.302407111248905958e+00,1.147514248639429413e+00,1.256924392615174302e+00,1.262079498634445018e+00,1.240040440696574597e+00,1.300110075332010506e+00,1.264035314737798732e+00,1.340939178479449989e+00,1.079060653862569108e+00,1.152339238234136198e+00,1.385646730834132923e+00,1.283033824888793140e+00,8.690082207805378545e-01,1.326643635722583259e+00,1.362995671916457541e+00,1.327053169309682978e+00,1.164753431017425456e+00,2.318495670274667991e-02
2.250000000000000000e+00,1.286742784775180670e+00,1.135604799691626088e+00,1.229449605076710750e+00,1.241778972857572771e+00,1.231657267523860400e+00,1.279643043910625666e+00,1.243692406808824646e+00,1.323183663186515258e+00,1.104360154377092673e+00,1.154954545860281456e+00,1.344127592651665370e+00,1.329535793924601084e+00,7.837315987393936867e-01,1.376936362102949341e+00,1.329964272060410568e+00,1.318302117492819336e+00,1.148736528248406774e+00,2.318495670274667991e-02
2.299999999999999822e+00,1.262909541119759727e+00,1.110425636631562574e+00,1.203788818664708993e+00,1.221968073809571065e+00,1.201704812496156460e+00,1.250521096985221181e+00,1.221680622312498743e+00,1.296636972796249454e+00,1.088050979544721297e+00,1.137277716860740640e+00,1.290509479675455484e+00,1.343489753830632960e+00,8.118049408452646665e-01,1.355355492940150119e+00,1.299126124775725533e+00,1.274335854834093951e+00,1.123445613564481693e+00,2.318495670274672502e-02
2.350000000000000089e+00,1.237040656659566640e+00,1.080088984583111866e+00,1.190642688535600069e+00,1.225777107204876426e+00,1.184680611574646880e+00,1.208815990734604995e+00,1.198173298882402538e+00,1.255393536527827703e+00,1.039767156050912300e+00,1.103560821323460672e+00,1.287932019743947221e+00,1.290920835788736731e+00,7.668120553176261955e-01,1.348352911601852222e+00,1.262162317721752469e+00,1.242969394251291160e+00,1.094654067944715869e+00,2.318495670274671114e-02
2.399999999999999911e+00,1.230067834188597553e+00,1.097131572900736485e+00,1.175804746078293661e+00,1.226000010783091509e+00,1.183542681564761612e+00,1.206915049204366985e+00,1.197322039222415313e+00,1.227070934722957585e+00,1.031192925528253923e+00,1.079071114433273637e+00,1.309412775255259120e+00,1.292581451088226530e+00,7.791261338828979754e-01,1.317292963070920475e+00,1.297696942647115437e+00,1.235701939591455689e+00,1.095892667703089129e+00,2.318495670274677012e-02
2.450000000000000178e+00,1.220193010313590065e+00,1.086564806065750011e+00,1.164814034095058570e+00,1.202698699506017155e+00,1.181384380130432010e+00,1.195947731095526878e+00,1.199139353685343412e+00,1.222938864564899308e+00,1.020519359501059542e+00,1.075646401016812082e+00,1.296136829974219307e+00,1.276043397784004885e+00,7.786418104073328239e-01,1.294417127640172804e+00,1.315546153795646322e+00,1.217988614212201837e+00,1.095598162438943479e+00,2.318495670274671808e-02
2.500000000000000000e+00,1.190267379914072388e+00,1.074738424647860180e+00,1.140863761879209237e+00,1.195290921195945932e+00,1.152092638732971075e+00,1.178652229203160262e+00,1.181778838861873515e+00,1.225131246531221629e+00,1.014857668427534776e+00,1.055822224282837229e+00,1.246429870055623335e+00,1.213565813894656120e+00,7.736149632958408962e-01,1.259859699397524624e+00,1.271312072240923907e+00,1.191849881056841642e+00,1.078221514083786525e+00,2.318495670274673195e-02
2.549999999999999822e+00,1.191359409145128279e+00,1.074582973165029376e+00,1.136760491553796104e+00,1.205286793352676966e+00,1.159334996687169106e+00,1.182198436253431462e+00,1.188387462833490060e+00,1.239475925295149050e+00,1.018126939708887679e+00,1.059900953768511789e+00,1.237560470542544699e+00,1.247807271715372757e+00,7.574989197659386386e-01,1.274127497587857594e+00,1.265704632388994444e+00,1.195287948489938357e+00,1.075809690111043659e+00,2.318495670274672155e-02
2.600000000000000089e+00,1.173571330170410043e+00,1.060246383516967983e+00,1.135859005943304245e+00,1.195479622598072611e+00,1.158328450816651145e+00,1.158908365599950363e+00,1.173337284587136820e+00,1.215232193918971415e+00,9.892284360063758886e-01,1.035549046091860159e+00,1.250485727912748146e+00,1.316988783060721868e+00,7.403147820040411053e-01,1.241841630248087913e+00,1.244684297358869207e+00,1.173878740738293791e+00,1.062808228939719379e+00,2.318495670274677012e-02
2.649999999999999911e+00,1.143192070077897915e+00,1.040235358238990493e+00,1.093278152211360821e+00,1.164911984900573128e+00,1.122346138417611661e+00,1.128479755758204028e+00,1.144240883587015478e+00,1.154846188463712897e+00,9.515913698771726326e-01,1.006192300172273457e+00,1.215397176627074582e+00,1.281985961505081040e+00,7.554293440623072176e-01,1.205730812078003478e+00,1.196389539393668766e+00,1.140892821301085380e+00,1.042952542531226934e+00,2.318495670274676318e-02
2.700000000000000178e+00,1.129016274586536195e+00,1.015790022897914202e+00,1.081094775627628568e+00,1.159526843897584536e+00,1.122542614414012929e+00,1.111715526877807836e+00,1.103156044728788032e+00,1.125848944661573592e+00,9.500084624592328719e-01,9.883732823037079118e-01,1.232109853944919120e+00,1.286332085290238014e+00,7.782327640458598372e-01,1.203806072676162131e+00,1.186619597161805206e+00,1.128321432500180688e+00,1.020691961463226383e+00,2.318495670274675971e-02
2.750000000000000000e+00,1.117216123015190243e+00,1.004917520302646583e+00,1.075736191951773169e+00,1.142008123989877610e+00,1.098872590658392268e+00,1.105630193514334669e+00,1.089954730600318555e+00,1.134921096037233346e+00,9.527312751744968500e-01,9.771949049136186005e-01,1.229883637049970613e+00,1.284334314217932871e+00,8.418896697051732048e-01,1.205899068751438818e+00,1.181814155476335948e+00,1.109036901412392861e+00,1.010027282696995155e+00,2.318495670274677706e-02
2.799999999999999822e+00,1.101759483749236157e+00,9.928588622056343516e-01,1.059714382623202722e+00,1.126127482152891712e+00,1.083935528811411197e+00,1.100045035443727448e+00,1.072946631447120769e+00,1.116249859545165757e+00,9.350917044480338003e-01,9.692802078248853315e-01,1.206182510460547030e+00,1.288400640609309367e+00,7.933612054166759853e-01,1.198819365214852661e+00,1.172662209775533260e+00,1.108952589926060384e+00,9.946698938938730583e-01,2.318495670274672849e-02
2.850000000000000089e+00,1.097852465079845574e+00,9.950223936241847644e-01,1.058008479692588821e+00,1.132386237657406314e+00,1.076112647348121287e+00,1.092522679687457199e+00,1.073153473762868737e+00,1.122616460100884783e+00,9.337877745846352440e-01,9.548011744632717290e-01,1.218709978595436949e+00,1.313413474298716466e+00,8.315092084066039169e-01,1.198228303539912165e+00,1.185215073385656126e+00,1.108051382592160294e+00,9.923783785751574271e-01,2.318495670274684298e-02
2.899999999999999911e+00,1.089410288513692482e+00,9.825261768758022374e-01,1.042676066385319178e+00,1.094283331902755396e+00,1.059647041240953325e+00,1.071014656911404961e+00,1.065622902072197231e+00,1.103615209961143373e+00,9.195305255478473105e-01,9.579842579757960053e-01,1.193673517131413453e+00,1.279295088339693631e+00,8.353980540236985997e-01,1.165038783006186573e+00,1.172832544936846189e+00,1.093817948391893724e+00,9.752294556261791314e-01,2.318495670274669379e-02
2.950000000000000178e+00,1.099585599412266745e+00,9.847934344481545921e-01,1.053188080049129560e+00,1.106341111491775386e+00,1.059076241376873728e+00,1.076713101298480080e+00,1.077021070906708067e+00,1.111176441685094662e+00,9.084827859759702084e-01,9.830375486024284237e-01,1.178116783530276823e+00,1.283238900954740913e+00,8.114192330209272219e-01,1.167770154158016993e+00,1.187540253102434606e+00,1.097291898030531065e+00,9.886774489081819883e-01,2.318495670274673889e-02
3.000000000000000000e+00,1.076086022707350320e+00,9.658597175648935274e-01,1.017421775364552028e+00,1.093672544468566876e+00,1.021081404552611538e+00,1.062786831956085809e+00,1.068372552283009203e+00,1.072707179688672685e+00,8.948972511000041763e-01,9.660589742106303612e-01,1.136085757985640265e+00,1.304290008462070993e+00,7.652544192815080581e-01,1.157053610090277740e+00,1.149609943429764858e+00,1.083016394988712161e+00,9.680045965834226385e-01,2.318495670274671461e-02
3.049999999999999822e+00,1.063350466235093661e+00,9.571830938775509612e-01,1.014384997069299965e+00,1.086868200468003476e+00,1.007027987401484914e+00,1.045586255333469383e+00,1.064740589543194504e+00,1.058301773109858512e+00,8.914782756037264999e-01,9.525223853486233239e-01,1.114841668684561471e+00,1.274218703673049014e+00,7.536462801698237124e-01,1.124718185857319419e+00,1.127606492483073541e+00,1.069983713258550129e+00,9.517336467689216928e-01,2.318495670274679440e-02
3.100000000000000089e+00,1.055368775222747191e+00,9.463979396910264796e-01,1.004628699365969213e+00,1.077307960544060306e+00,1.005641852350201537e+00,1.031862404971657821e+00,1.057639833123769746e+00,1.046611091002351390e+00,8.845440451932716774e-01,9.491818655252665105e-01,1.098237657887555896e+00,1.295454726504403187e+00,7.496911117120171886e-01,1.123404483409409460e+00,1.115949601395079815e+00,1.054479901910117201e+00,9.461245385105312433e-01,2.318495670274672502e-02
3.149999999999999911e+00,1.053542038302505368e+00,9.646874960919223918e-01,1.007956446235734882e+00,1.080246010897846221e+00,1.003542350455898902e+00,1.034044471723037706e+00,1.072933533429664354e+00,1.065193361593266719e+00,9.097699989863169412e-01,9.422297892707837130e-01,1.130299916164487994e+00,1.306948266472001352e+00,7.442666481064811324e-01,1.126157894620049449e+00,1.104896645892812224e+00,1.058726407335323527e+00,9.449537907702563189e-01,2.318495670274671808e-02
3.200000000000000178e+00,1.043851102531311525e+00,9.462633199865401190e-01,9.862559362861231804e-01,1.072759092863417640e+00,9.842524125034852744e-01,1.028069497684681144e+00,1.059838601396752900e+00,1.049442029086575801e+00,9.112798587909383130e-01,9.294318954248446119e-01,1.108033894029292421e+00,1.250209854715911728e+00,6.931092728503391864e-01,1.118944756515492855e+00,1.089567075173107691e+00,1.052751529037140754e+00,9.405910136453352610e-01,2.318495670274676318e-02
3.250000000000000000e+00,1.042170828046255604e+00,9.436897804577040194e-01,9.792440527069530276e-01,1.069897179510637342e+00,9.857282691970862265e-01,1.021696940264113840e+00,1.048470746660296715e+00,1.052881513607623498e+00,9.000373107997760025e-01,9.240085873665491167e-01,1.108178609042334672e+00,1.239644402905002663e+00,6.925984091659244113e-01,1.115203208267219637e+00,1.065439122849757059e+00,1.047463523215049763e+00,9.406062868261135801e-01,2.318495670274672155e-02
3.299999999999999822e+00,1.036738062550023987e+00,9.350336113382941017e-01,9.781596225017755719e-01,1.058044335733150376e+00,9.810043649474025074e-01,1.008577151209577139e+00,1.044435101628298224e+00,1.059868276124301234e+00,8.907611722958511669e-01,9.112837478929824986e-01,1.109442933269443765e+00,1.218784167661208118e+00,7.013915661430192294e-01,1.136029343175458006e+00,1.070461714859889391e+00,1.049315531629420928e+00,9.406373179497385939e-01,2.318495670274675971e-02
3.350000000000000089e+00,1.022234147154250650e+00,9.176140528450618117e-01,9.610142429604957570e-01,1.033457948929230819e+00,9.640347847331867115e-01,9.961143563506287268e-01,1.044211762973471957e+00,1.029930445592752042e+00,8.879605967460720839e-01,8.793233746987894062e-01,1.051116697810881240e+00,1.146156424066409940e+00,7.218323628593805719e-01,1.088173478885588574e+00,1.065251916444136304e+00,1.031367112409994791e+00,9.209165786723165770e-01,2.318495670274674930e-02
3.399999999999999911e+00,1.007383972975850694e+00,9.183090742514556926e-01,9.553753062420545783e-01,1.017220980583652956e+00,9.575195079904709194e-01,9.908819486690856326e-01,1.043215093685604389e+00,1.022372291346143047e+00,8.687785489590428289e-01,8.755694805667172398e-01,1.063727578277686714e+00,1.110845970138087502e+00,7.470265757885012903e-01,1.049056566911008570e+00,1.075801984882438722e+00,1.026837721680860849e+00,9.181317231584532612e-01,2.318495670274676665e-02
3.450000000000000178e+00,1.000013966988623881e+00,9.227964282445901834e-01,9.528188414937318607e-01,1.013355258383713098e+00,9.473389891019087239e-01,9.871584211680414223e-01,1.043983264529956934e+00,1.019338273354111646e+00,8.789736683785017712e-01,8.588730971552414051e-01,1.078046720594499686e+00,1.129208627520098984e+00,7.196943264483264269e-01,1.055734978422242509e+00,1.068943468970569466e+00,1.017831080706738334e+00,8.994892246659468293e-01,2.318495670274676318e-02
3.500000000000000000e+00,9.963002790205827131e-01,9.176434342515527032e-01,9.395227035716940955e-01,1.018458967558309336e+00,9.421751924301560166e-01,9.818344214967167360e-01,1.046120201309438835e+00,1.008444073611873382e+00,8.866178486210843923e-01,8.654464014138257832e-01,1.063282593113147545e+00,1.133535737277362010e+00,7.250406667840941788e-01,1.073507346346269653e+00,1.061915340292143073e+00,1.019075030206220145e+00,9.022009912868727000e-01,2.318495670274671461e-02
