T,F_channel,F_composed,T_eff_fit,KL_bits
1.050000000000000044e+00,6.960962629622926938e-03,6.986149214110772172e-03,6.801283369975716919e-01,3.263007550351547219e-05
1.060000000000000053e+00,7.621636514555643095e-03,7.607958937278143721e-03,6.871971354387962361e-01,3.643553743181646300e-05
1.070000000000000062e+00,8.333460365236244893e-03,8.319435093982573484e-03,6.943058700177828779e-01,4.060834722453886356e-05
1.080000000000000071e+00,9.099503075103664712e-03,9.085322262060803455e-03,7.014556028051479597e-01,4.517657921382942175e-05
1.090000000000000080e+00,9.922958755470267025e-03,9.908862973699297458e-03,7.086473944396354252e-01,5.016989463816981396e-05
1.100000000000000089e+00,1.080714791320328341e-02,1.079343325224248543e-02,7.158823044266486857e-01,5.561959981639895970e-05
1.110000000000000098e+00,1.175551828987148918e-02,1.174254330251732654e-02,7.231613900735074374e-01,6.155870749513407474e-05
1.120000000000000107e+00,1.277164533211355181e-02,1.275983907332165455e-02,7.304857063057828004e-01,6.802199787512517313e-05
1.130000000000000115e+00,1.385923226234812844e-02,1.384910283584669249e-02,7.378563049844564237e-01,7.504608152778133800e-05
1.140000000000000124e+00,1.502210971922089862e-02,1.501425343266158015e-02,7.452742346713427946e-01,8.266946226781364526e-05
1.150000000000000133e+00,1.626423493678172405e-02,1.625934549809439703e-02,7.527405399399189623e-01,9.093260183267174097e-05
1.160000000000000142e+00,1.758969043220282719e-02,1.758856961855095533e-02,7.602562609056287002e-01,9.987798483734107880e-05
1.169999999999999929e+00,1.900268217169318735e-02,1.900625084455889041e-02,7.678224330115419605e-01,1.095501833816468561e-04
1.180000000000000160e+00,2.050753718533166250e-02,2.051684648519662077e-02,7.754400863970734026e-01,1.199959231770764427e-04
1.189999999999999947e+00,2.210870060206743259e-02,2.212494410545160287e-02,7.831102455488581082e-01,1.312641489588997894e-04
1.199999999999999956e+00,2.381073207721103382e-02,2.383525858203936615e-02,7.908339288591430538e-01,1.434060900588480494e-04
1.209999999999999964e+00,2.561830158610268679e-02,2.565262833669399584e-02,7.986121483093824303e-01,1.564753250500160327e-04
1.219999999999999973e+00,2.753618455869987630e-02,2.758201086017340181e-02,8.064459089991939944e-01,1.705278463448151830e-04
1.229999999999999982e+00,2.956925633189408723e-02,2.962847786987137660e-02,8.143362088201993032e-01,1.856221231674618855e-04
1.239999999999999991e+00,3.172248589781662825e-02,3.179720937052381985e-02,8.222840380746865296e-01,2.018191634208501759e-04
1.250000000000000000e+00,3.400092892866422162e-02,3.409348755170579087e-02,8.302903791303486436e-01,2.191825736471984852e-04
1.260000000000000009e+00,3.640972006089460838e-02,3.652268896500220768e-02,8.383562061752665162e-01,2.377786161748358040e-04
1.270000000000000018e+00,3.895406442367688182e-02,3.909027631317195384e-02,8.464824847579126565e-01,2.576762650744572614e-04
1.280000000000000027e+00,4.163922839977732965e-02,4.180179010414225571e-02,8.546701715705833369e-01,2.789472575675995569e-04
1.290000000000000036e+00,4.447052960968084223e-02,4.466283837160254372e-02,8.629202141427358974e-01,3.016661424492207352e-04
1.300000000000000044e+00,4.745332611236194320e-02,4.767908613834492132e-02,8.712335505354695808e-01,3.259103245565967148e-04
1.310000000000000053e+00,5.059300482057036558e-02,5.085624404132933069e-02,8.796111090841920443e-01,3.517601043336625387e-04
1.320000000000000062e+00,5.389496913051661231e-02,5.420005580714634674e-02,8.880538081351396773e-01,3.792987123628710835e-04
1.330000000000000071e+00,5.736462577084743691e-02,5.771628533240902303e-02,8.965625557781338184e-01,4.086123383512728184e-04
1.340000000000000080e+00,6.100737087864090830e-02,6.141070235382200398e-02,9.051382496512352382e-01,4.397901531490094407e-04
1.350000000000000089e+00,6.482857531472017987e-02,6.528906755485078262e-02,9.137817766455684776e-01,4.729243251023423997e-04
1.360000000000000098e+00,6.883356923461381172e-02,6.935711702328944961e-02,9.224940127371443754e-01,5.081100276150556268e-04
1.370000000000000107e+00,7.302762593539581515e-02,7.362054561356987104e-02,9.312758227343229667e-01,5.454454397537639816e-04
1.380000000000000115e+00,7.741594500396936640e-02,7.808498938529495614e-02,9.401280601141073223e-01,5.850317371339590865e-04
1.390000000000000124e+00,8.200363479545970391e-02,8.275600786186565472e-02,9.490515667583669934e-01,6.269730751117783040e-04
1.400000000000000133e+00,8.679569427707459206e-02,8.763906498360632402e-02,9.580471728533550557e-01,6.713765597625652969e-04
1.410000000000000142e+00,9.179699427436371906e-02,9.273950935615621338e-02,9.671156966099250241e-01,7.183522113782125776e-04
1.419999999999999929e+00,9.701225816566488858e-02,9.806255474053122978e-02,9.762579441599625873e-01,7.680129142076197544e-04
1.430000000000000160e+00,1.024460420714036479e-01,1.036132582519377898e-01,9.854747093548754666e-01,8.204743563666195552e-04
1.439999999999999947e+00,1.081027145915749860e-01,1.093964996843248133e-01,9.947667735745144846e-01,8.758549577731150702e-04
1.450000000000000178e+00,1.139864361503321322e-01,1.154169597981332812e-01,1.004134905606107075e+00,9.342757841901809263e-04
1.459999999999999964e+00,1.201011380090398484e-01,1.216790975024282379e-01,1.013579861468511201e+00,9.958604494217527386e-04
1.469999999999999973e+00,1.264505010157600251e-01,1.281871272991988164e-01,1.023102384253013586e+00,1.060735003885933826e-03
1.479999999999999982e+00,1.330379341627935252e-01,1.349449967069266121e-01,1.032703203966411021e+00,1.129027809459109445e-03
1.489999999999999991e+00,1.398665530286952730e-01,1.419563629608991684e-01,1.042383037406561908e+00,1.200869399363136553e-03
1.500000000000000000e+00,1.469391581851588469e-01,1.492245696443878222e-01,1.052142587996575784e+00,1.276392324788670025e-03
1.510000000000000009e+00,1.542582136535710358e-01,1.567526232929356556e-01,1.061982545659332811e+00,1.355730985804158226e-03
1.520000000000000018e+00,1.618258254992210876e-01,1.645431705529889765e-01,1.071903586651123508e+00,1.439021448750004567e-03
1.530000000000000027e+00,1.696437206568951195e-01,1.725984748948488356e-01,1.081906373467980131e+00,1.526401246397894856e-03
1.540000000000000036e+00,1.777132260803493957e-01,1.809203933069697401e-01,1.091991554667528952e+00,1.618009165913969743e-03
1.550000000000000044e+00,1.860352483171235083e-01,1.895103546799053740e-01,1.102159764753831706e+00,1.713985019871562196e-03
1.560000000000000053e+00,1.946102536083150203e-01,1.983693374243035989e-01,1.112411624053156523e+00,1.814469402614277398e-03
1.570000000000000062e+00,2.034382486158782810e-01,2.074978478871987164e-01,1.122747738577980492e+00,1.919603432401317420e-03
1.580000000000000071e+00,2.125187618838510484e-01,2.168958997887879270e-01,1.133168699898202014e+00,2.029528478887843070e-03
1.590000000000000080e+00,2.218508261385929159e-01,2.265629943126279966e-01,1.143675085017993975e+00,2.144385876279262648e-03
1.600000000000000089e+00,2.314329615361312154e-01,2.364981011696697388e-01,1.154267456250789969e+00,2.264316622883438563e-03
1.610000000000000098e+00,2.412631599629578294e-01,2.466996406220759996e-01,1.164946361102358274e+00,2.389461067099347621e-03
1.620000000000000107e+00,2.513388704976734500e-01,2.571654666374573184e-01,1.175712332148051598e+00,2.519958581087757866e-03
1.629999999999999893e+00,2.616569861399358210e-01,2.678928515402096977e-01,1.186565886917784418e+00,2.655947222148288562e-03
1.640000000000000124e+00,2.722138319099791648e-01,2.788784716460602220e-01,1.197507527784920089e+00,2.797563382698360721e-03
1.649999999999999911e+00,2.830051544216575787e-01,2.901183947345891134e-01,1.208537741845923108e+00,2.944941430495299096e-03
1.660000000000000142e+00,2.940261130288662761e-01,3.016080694053296374e-01,1.219657000819351023e+00,3.098213338392379057e-03
1.669999999999999929e+00,3.052712726394858356e-01,3.133423153097029124e-01,1.230865760944941822e+00,3.257508305638171127e-03
1.680000000000000160e+00,3.167345982887549427e-01,3.253153157761131675e-01,1.242164462869937314e+00,3.422952372793682148e-03
1.689999999999999947e+00,3.284094515591639007e-01,3.375206125737825191e-01,1.253553531559619572e+00,3.594668029030076602e-03
1.700000000000000178e+00,3.402885889255490848e-01,3.499511021255347631e-01,1.265033376201965876e+00,3.772773814975092718e-03
1.709999999999999964e+00,3.523641621011233127e-01,3.625990341200355793e-01,1.276604390117040744e+00,3.957383921784858594e-03
1.720000000000000195e+00,3.646277204492540669e-01,3.754560123390330850e-01,1.288266950672384947e+00,4.148607787709766674e-03
1.729999999999999982e+00,3.770702155210312601e-01,3.885129974633229066e-01,1.300021419204782092e+00,4.346549693590574630e-03
1.740000000000000213e+00,3.896820077680058780e-01,4.017603125467381076e-01,1.311868140940207539e+00,4.551308359453516000e-03
1.750000000000000000e+00,4.024528754712802248e-01,4.151876508070478922e-01,1.323807444932626698e+00,4.762976542077678246e-03
1.760000000000000009e+00,4.153720259177822727e-01,4.287840850946603721e-01,1.335839643999453763e+00,4.981640636931764128e-03
1.770000000000000018e+00,4.284281088418814831e-01,4.425380808458914128e-01,1.347965034655957517e+00,5.207380286112768195e-03
1.780000000000000027e+00,4.416092321469478055e-01,4.564375109001068687e-01,1.360183897078666604e+00,5.440267991108302566e-03
1.790000000000000036e+00,4.549029798974499883e-01,4.704696727236499787e-01,1.372496495050460563e+00,5.680368736499185299e-03
1.800000000000000044e+00,4.682964325746949430e-01,4.846213082730829180e-01,1.384903075935057348e+00,5.927739621769781940e-03
1.810000000000000053e+00,4.817761895635300773e-01,4.988786261268365885e-01,1.397403870639056134e+00,6.182429507048981497e-03
1.820000000000000062e+00,4.953283938359754890e-01,5.132273261835812450e-01,1.409999093600234676e+00,6.444478670551731340e-03
1.830000000000000071e+00,5.089387587764947485e-01,5.276526263630344493e-01,1.422688942768419729e+00,6.713918482938594640e-03
1.840000000000000080e+00,5.225925970866936998e-01,5.421392921021143119e-01,1.435473599604955908e+00,6.990771097465221448e-03
1.850000000000000089e+00,5.362748516911000074e-01,5.566716674953251509e-01,1.448353229088065408e+00,7.275049158889478410e-03
1.860000000000000098e+00,5.499701285550385732e-01,5.712337088401741036e-01,1.461327979723545667e+00,7.566755532865896902e-03
1.870000000000000107e+00,5.636627313097857250e-01,5.858090203147179320e-01,1.474397983569232018e+00,7.865883056319394190e-03
1.880000000000000115e+00,5.773366975736972107e-01,6.003808911224273182e-01,1.487563356267757708e+00,8.172414310856373001e-03
1.890000000000000124e+00,5.909758368389973482e-01,6.149323348717016247e-01,1.500824197083675315e+00,8.486321421205525115e-03
1.899999999999999911e+00,6.045637697896231177e-01,6.294461303245753037e-01,1.514180588960007956e+00,8.807565877900783158e-03
1.910000000000000142e+00,6.180839688991481840e-01,6.439048635159175804e-01,1.527632598573421152e+00,9.136098388272463275e-03
1.919999999999999929e+00,6.315198001516963977e-01,6.582909715312151855e-01,1.541180276407140504e+00,9.471858754166192704e-03
1.930000000000000160e+00,6.448545657177823243e-01,6.725867871245513330e-01,1.554823656830114142e+00,9.814775778991055230e-03
1.939999999999999947e+00,6.580715474082747818e-01,6.867745841798004180e-01,1.568562758187693529e+00,1.016476720417141578e-02
1.950000000000000178e+00,6.711540507249916798e-01,7.008366244580205295e-01,1.582397582896635235e+00,1.052173967691293587e-02
1.959999999999999964e+00,6.840854493181321994e-01,7.147552043926507226e-01,1.596328117562423099e+00,1.088558874694152759e-02
1.970000000000000195e+00,6.968492296535544472e-01,7.285127023728499296e-01,1.610354333090224355e+00,1.125619889730934339e-02
1.979999999999999982e+00,7.094290356980375023e-01,7.420916262353898230e-01,1.624476184821025182e+00,1.163344360444393613e-02
1.990000000000000213e+00,7.218087134134133498e-01,7.554746607631378508e-01,1.638693612662402987e+00,1.201718543267294402e-02
2.000000000000000000e+00,7.339723548687363541e-01,7.686447147820590908e-01,1.653006541245700234e+00,1.240727615780985033e-02
2.009999999999999787e+00,7.459043417548363308e-01,7.815849676014043901e-01,1.667414880075125172e+00,1.280355692564917255e-02
2.020000000000000018e+00,7.575893881171096300e-01,7.942789152150596665e-01,1.681918523700094426e+00,1.320585843954663607e-02
2.030000000000000249e+00,7.690125820973552351e-01,8.067104150943366081e-01,1.696517351887907310e+00,1.361400118074235915e-02
2.040000000000000036e+00,7.801594264971565273e-01,8.188637302129112561e-01,1.711211229810144729e+00,1.402779565835044449e-02
2.049999999999999822e+00,7.910158779759217662e-01,8.307235714534561000e-01,1.726000008235632599e+00,1.444704268957318523e-02
2.060000000000000053e+00,8.015683847012656793e-01,8.422751386557689735e-01,1.740883523731352689e+00,1.487153370904685523e-02
2.070000000000000284e+00,8.118039222823499879e-01,8.535041600242898596e-01,1.755861598872461293e+00,1.530105110594616978e-02
2.080000000000000071e+00,8.217100278237323696e-01,8.643969294124628222e-01,1.770934042460919677e+00,1.573536858782558293e-02
2.089999999999999858e+00,8.312748319445157907e-01,8.749403418042902558e-01,1.786100649748468161e+00,1.617425157065291094e-02
2.100000000000000089e+00,8.404870886286140985e-01,8.851219264400617126e-01,1.801361202672069339e+00,1.661745759202508041e-02
2.110000000000000320e+00,8.493362027734853159e-01,8.949298775162880526e-01,1.816715470090448203e+00,1.706473674826007245e-02
2.120000000000000107e+00,8.578122553255829175e-01,9.043530825926647809e-01,1.832163208031177604e+00,1.751583215180039371e-02
2.129999999999999893e+00,8.659060259029892626e-01,9.133811484686695792e-01,1.847704159941409685e+00,1.797048040855164786e-02
2.140000000000000124e+00,8.736090128220681539e-01,9.220044239430169597e-01,1.863338056949447985e+00,1.842841211173362401e-02
2.150000000000000355e+00,8.809134504501643370e-01,9.302140202017658011e-01,1.879064618121931041e+00,1.888935235378365329e-02
2.160000000000000142e+00,8.878123238450308374e-01,9.380018283385322952e-01,1.894883550738000633e+00,1.935302124934728044e-02
2.169999999999999929e+00,8.942993806266782419e-01,9.453605337628394611e-01,1.910794550557785687e+00,1.981913447261715588e-02
2.180000000000000160e+00,9.003691400732333205e-01,9.522836279199609066e-01,1.926797302103248732e+00,2.028740380263327134e-02
2.190000000000000391e+00,9.060168994232434825e-01,9.587654168540339361e-01,1.942891478936501937e+00,2.075753767797346161e-02
2.200000000000000178e+00,9.112387374060690881e-01,9.648010271838650675e-01,1.959076743945915133e+00,2.122924175624171447e-02
2.209999999999999964e+00,9.160315150140768692e-01,9.703864087308403663e-01,1.975352749634740945e+00,2.170221947741741639e-02
2.219999999999999751e+00,9.203928735618613910e-01,9.755183344453790539e-01,1.991719138409433487e+00,2.217617262963119187e-02
2.229999999999999982e+00,9.243212300898155931e-01,9.801943977472385994e-01,2.008175542872707275e+00,2.265080191404634027e-02
2.240000000000000213e+00,9.278157701769357280e-01,9.844130067836225351e-01,2.024721586119633265e+00,2.312580750713532848e-02
2.250000000000000000e+00,9.308764382422036743e-01,9.881733760145032797e-01,2.041356882032401288e+00,2.360088961931901611e-02
2.259999999999999787e+00,9.335039254352961446e-01,9.914755153741411364e-01,2.058081035577597362e+00,2.407574904715759079e-02
2.270000000000000018e+00,9.356996552161118696e-01,9.943202168544639230e-01,2.074893643104299024e+00,2.455008771743523097e-02
2.280000000000000249e+00,9.374657667401726791e-01,9.967090386809873692e-01,2.091794292642500608e+00,2.502360922143276670e-02
2.290000000000000036e+00,9.388050961747766987e-01,9.986442871826888279e-01,2.108782564201124643e+00,2.549601933786546301e-02
2.299999999999999822e+00,9.397211560787156470e-01,1.000128996722102537e+00,2.125858030064708082e+00,2.596702654291387080e-02
2.310000000000000053e+00,9.402181129863340647e-01,1.001166907636429126e+00,2.143020255091967918e+00,2.643634250498576310e-02
2.320000000000000284e+00,9.403007633402704624e-01,1.001762442049591861e+00,2.160268797012163233e+00,2.690368256363146610e-02
2.330000000000000071e+00,9.399745079235132250e-01,1.001920678308135360e+00,2.177603206717475537e+00,2.736876619200074093e-02
2.339999999999999858e+00,9.392453249462779930e-01,1.001647323953513302e+00,2.195023028557523403e+00,2.783131743951669165e-02
2.350000000000000089e+00,9.381197419415925332e-01,1.000948687056280928e+00,2.212527800630172514e+00,2.829106535543532072e-02
2.360000000000000320e+00,9.366048066304946129e-01,9.998316465948381415e-01,2.230117055068876475e+00,2.874774439212903973e-02
2.370000000000000107e+00,9.347080569117984794e-01,9.983036217788134881e-01,2.247790318329699666e+00,2.920109478621344540e-02
2.379999999999999893e+00,9.324374901345507949e-01,9.963725404474153002e-01,2.265547111473763309e+00,2.965086291796058260e-02
2.390000000000000124e+00,9.298015318088962422e-01,9.940468067939904895e-01,2.283386950447628294e+00,3.009680164755037385e-02
2.400000000000000355e+00,9.268090039041438910e-01,9.913352685667081721e-01,2.301309346358944907e+00,3.053867062835211380e-02
2.410000000000000142e+00,9.234690928889920380e-01,9.882471839813273817e-01,2.319313805749712465e+00,3.097623659616927788e-02
2.419999999999999929e+00,9.197913176522376499e-01,9.847921882474820476e-01,2.337399830865978245e+00,3.140927363431218061e-02
2.430000000000000160e+00,9.157854974414539884e-01,9.809802601251134124e-01,2.355566919921797009e+00,3.183756341509152293e-02
2.440000000000000391e+00,9.114617199599738262e-01,9.768216885688024709e-01,2.373814567361110406e+00,3.226089541637796460e-02
2.450000000000000178e+00,9.068303097418125569e-01,9.723270394494066826e-01,2.392142264113993555e+00,3.267906711430988015e-02
2.459999999999999964e+00,9.019017969224967235e-01,9.675071227202940438e-01,2.410549497848171185e+00,3.309188415212583473e-02
2.469999999999999751e+00,8.966868865257655585e-01,9.623729600597622502e-01,2.429035753216700400e+00,3.349916048481647174e-02
2.479999999999999982e+00,8.911964283625749550e-01,9.569357529040175558e-01,2.447600512101184123e+00,3.390071850027708000e-02
2.490000000000000213e+00,8.854413876370834657e-01,9.512068512897932093e-01,2.466243253847620664e+00,3.429638911799270246e-02
2.500000000000000000e+00,8.794328163580875657e-01,9.451977235671490396e-01,2.484963455500173168e+00,3.468601186446306633e-02
2.509999999999999787e+00,8.731818256225375441e-01,9.389199266273495770e-01,2.503760592029549592e+00,3.506943492642208837e-02
2.520000000000000018e+00,8.666995588481071211e-01,9.323850774201491998e-01,2.522634136552533768e+00,3.544651518400999957e-02
2.530000000000000249e+00,8.599971660210535829e-01,9.256048252130325560e-01,2.541583560552928667e+00,3.581711822103753745e-02
2.540000000000000036e+00,8.530857790012384978e-01,9.185908250431417121e-01,2.560608334088516180e+00,3.618111831797250766e-02
2.549999999999999822e+00,8.459764879486101341e-01,9.113547123294660768e-01,2.579707926001745477e+00,3.653839842298764462e-02
2.560000000000000053e+00,8.386803188899425443e-01,9.039080784844990557e-01,2.598881804117443295e+00,3.688885010691482502e-02
2.570000000000000284e+00,8.312082124727349086e-01,8.962624478843909115e-01,2.618129435440746278e+00,3.723237349904018334e-02
2.580000000000000071e+00,8.235710039171230124e-01,8.884292559218266438e-01,2.637450286345435657e+00,3.756887720747011800e-02
2.589999999999999858e+00,8.157794041885314540e-01,8.804198284790490936e-01,2.656843822759372920e+00,3.789827822311112732e-02
2.600000000000000089e+00,8.078439823989611579e-01,8.722453624489844293e-01,2.676309510344053066e+00,3.822050180902041711e-02
2.610000000000000320e+00,7.997751494360304525e-01,8.639169077694064391e-01,2.695846814666647440e+00,3.853548137643281191e-02
2.620000000000000107e+00,7.915831428227805278e-01,8.554453505409364000e-01,2.715455201371489657e+00,3.884315834661226235e-02
2.629999999999999893e+00,7.832780127910684564e-01,8.468413974038060399e-01,2.735134136340134248e+00,3.914348200258191413e-02
2.640000000000000124e+00,7.748696095618247126e-01,8.381155613781343661e-01,2.754883085850562630e+00,3.943640932835221213e-02
2.650000000000000355e+00,7.663675718095663836e-01,8.292781486424468662e-01,2.774701516729947137e+00,3.972190483870143701e-02
2.660000000000000142e+00,7.577813162859403651e-01,8.203392468180761288e-01,2.794588896499744735e+00,3.999994040037424536e-02
2.669999999999999929e+00,7.491200285812895654e-01,8.113087142444417310e-01,2.814544693521114915e+00,4.027049504361559368e-02
2.680000000000000160e+00,7.403926549849033645e-01,8.021961704894268186e-01,2.834568377128201533e+00,4.053355476832764398e-02
2.690000000000000391e+00,7.316078954183330429e-01,7.930109879982885079e-01,2.854659417763399709e+00,4.078911234176545858e-02
2.700000000000000178e+00,7.227741973989458835e-01,7.837622848223794181e-01,2.874817287100976948e+00,4.103716709274377733e-02
2.709999999999999964e+00,7.138997509993714186e-01,7.744589184244380364e-01,2.895041458172343596e+00,4.127772469896415913e-02
2.719999999999999751e+00,7.049924847577105913e-01,7.651094804399733995e-01,2.915331405480458216e+00,4.151079697232674254e-02
2.729999999999999982e+00,6.960600625013489973e-01,7.557222924957338606e-01,2.935686605114364411e+00,4.173640163959157351e-02
2.740000000000000213e+00,6.871098810351289332e-01,7.463054029219414742e-01,2.956106534855270418e+00,4.195456212165038501e-02
2.750000000000000000e+00,6.781490686548817814e-01,7.368665843019538420e-01,2.976590674281925253e+00,4.216530730996169429e-02
2.759999999999999787e+00,6.691844844360429478e-01,7.274133319595875724e-01,2.997138504866475373e+00,4.236867134335915025e-02
2.770000000000000018e+00,6.602227182584640142e-01,7.179528632002324384e-01,3.017749510072325947e+00,4.256469338263761670e-02
2.780000000000000249e+00,6.512700915141721447e-01,7.084921171927617278e-01,3.038423175441765878e+00,4.275341738687303550e-02
2.790000000000000036e+00,6.423326584599793332e-01,6.990377557757820881e-01,3.059158988682594504e+00,4.293489188973724502e-02
2.799999999999999822e+00,6.334162081671182998e-01,6.895961647130794958e-01,3.079956439751113884e+00,4.310916977665743555e-02
2.810000000000000053e+00,6.245262670225530943e-01,6.801734556611800375e-01,3.100815020928462395e+00,4.327630806491028492e-02
2.820000000000000284e+00,6.156681017416738566e-01,6.707754686747124939e-01,3.121734226896361264e+00,4.343636768446320490e-02
2.830000000000000071e+00,6.068467228474789810e-01,6.614077752215449246e-01,3.142713554805698806e+00,4.358941326276433853e-02
2.839999999999999858e+00,5.980668885775959343e-01,6.520756817552638696e-01,3.163752504344296668e+00,4.373551291168901317e-02
2.850000000000000089e+00,5.893331091753809536e-01,6.427842335635965965e-01,3.184850577800269811e+00,4.387473801795015865e-02
2.860000000000000320e+00,5.806496515306673878e-01,6.335382192041847382e-01,3.206007280119710146e+00,4.400716303788565487e-02
2.870000000000000107e+00,5.720205441298757965e-01,6.243421751359689020e-01,3.227222118966222908e+00,4.413286529494822585e-02
2.879999999999999893e+00,5.634495822806191434e-01,6.152003907294445462e-01,3.248494604769949667e+00,4.425192478313533934e-02
2.890000000000000124e+00,5.549403335774534263e-01,6.061169136571069593e-01,3.269824250780367869e+00,4.436442397343896143e-02
2.900000000000000355e+00,5.464961435736112039e-01,5.970955553225814061e-01,3.291210573112342885e+00,4.447044762533686191e-02
2.910000000000000142e+00,5.381201416311162111e-01,5.881398966419691954e-01,3.312653090788959531e+00,4.457008260399345639e-02
2.919999999999999929e+00,5.298152469164181255e-01,5.792532940530323859e-01,3.334151325782398700e+00,4.466341770163278352e-02
2.930000000000000160e+00,5.215841745166075460e-01,5.704388855629459743e-01,3.355704803053551011e+00,4.475054346403349592e-02
2.940000000000000391e+00,5.134294416475789768e-01,5.616995969477668327e-01,3.377313050585849297e+00,4.483155202283618107e-02
2.950000000000000178e+00,5.053533739316798945e-01,5.530381481051307446e-01,3.398975599418822213e+00,4.490653693277603387e-02
2.959999999999999964e+00,4.973581117198415114e-01,5.444570594155290211e-01,3.420691983678179504e+00,4.497559301454356201e-02
2.969999999999999751e+00,4.894456164386207786e-01,5.359586582057704884e-01,3.442461740603349085e+00,4.503881620294711979e-02
2.979999999999999982e+00,4.816176769412611192e-01,5.275450851975463928e-01,3.464284410573712059e+00,4.509630340060000880e-02
2.990000000000000213e+00,4.738759158447494735e-01,5.192183010019597589e-01,3.486159537130824049e+00,4.514815233723050436e-02
3.000000000000000000e+00,4.662217958353076508e-01,5.109800925848143605e-01,3.508086667000970493e+00,4.519446143396406435e-02
3.009999999999999787e+00,4.586566259282184865e-01,5.028320796395246983e-01,3.530065350113232192e+00,4.523532967383662312e-02
3.020000000000000018e+00,4.511815676650306473e-01,4.947757211005112676e-01,3.552095139615162545e+00,4.527085647733802148e-02
3.030000000000000249e+00,4.437976412407118043e-01,4.868123213904759217e-01,3.574175591892031711e+00,4.530114158254008871e-02
3.040000000000000036e+00,4.365057315411491889e-01,4.789430366766277980e-01,3.596306266575105326e+00,4.532628493236396522e-02
3.049999999999999822e+00,4.293065940882909715e-01,4.711688811055747550e-01,3.618486726556728428e+00,4.534638656507548188e-02
3.060000000000000497e+00,4.222008608790447370e-01,4.634907328635256563e-01,3.640716537997630731e+00,4.536154651148620320e-02
3.070000000000000284e+00,4.151890461117041520e-01,4.559093401563620862e-01,3.662995270337460418e+00,4.537186469609535977e-02
3.080000000000000071e+00,4.082715517906844727e-01,4.484253270683297155e-01,3.685322496298782724e+00,4.537744084399853578e-02
3.089999999999999858e+00,4.014486732066968599e-01,4.410391993649619979e-01,3.707697791893849626e+00,4.537837439247258825e-02
3.099999999999999645e+00,3.947206042834726647e-01,4.337513500587371618e-01,3.730120736428186312e+00,4.537476440657222526e-02
3.110000000000000320e+00,3.880874427885258049e-01,4.265620649253248353e-01,3.752590912501578835e+00,4.536670950081514442e-02
3.120000000000000107e+00,3.815491954039684219e-01,4.194715278958067173e-01,3.775107906009925962e+00,4.535430776403129999e-02
3.129999999999999893e+00,3.751057826556068453e-01,4.124798262245092384e-01,3.797671306145429249e+00,4.533765668918009195e-02
3.139999999999999680e+00,3.687570436936154494e-01,4.055869555855644015e-01,3.820280705393330756e+00,4.531685310790729837e-02
3.150000000000000355e+00,3.625027409299458880e-01,3.987928250257264384e-01,3.842935699530719340e+00,4.529199312831832386e-02
3.160000000000000142e+00,3.563425645257931595e-01,3.920972617118851922e-01,3.865635887622293154e+00,4.526317207746633625e-02
3.169999999999999929e+00,3.502761367309421003e-01,3.855000155895982883e-01,3.888380872015029688e+00,4.523048444753562103e-02
3.179999999999999716e+00,3.443030160754926294e-01,3.790007638675969570e-01,3.911170258333196870e+00,4.519402384569302933e-02
3.190000000000000391e+00,3.384227014128914357e-01,3.725991153436427061e-01,3.934003655471020267e+00,4.515388294780536826e-02
3.200000000000000178e+00,3.326346358166913375e-01,3.662946145935616626e-01,3.956880675585193075e+00,4.511015345549142935e-02
3.209999999999999964e+00,3.269382103306306964e-01,3.600867460285686605e-01,3.979800934085822917e+00,4.506292605666831902e-02
3.219999999999999751e+00,3.213327675761391555e-01,3.539749377691279175e-01,4.002764049628353860e+00,4.501229038924116355e-02
3.230000000000000426e+00,3.158176052152864011e-01,3.479585653935317047e-01,4.025769644101792721e+00,4.495833500800854726e-02
3.240000000000000213e+00,3.103919792759988749e-01,3.420369555544667817e-01,4.048817342619155824e+00,4.490114735453159395e-02
3.250000000000000000e+00,3.050551073375801225e-01,3.362093894259106097e-01,4.071906773505164168e+00,4.484081372982194613e-02
3.259999999999999787e+00,2.998061715826733087e-01,3.304751060329355061e-01,4.095037568284389806e+00,4.477741926997569344e-02
3.270000000000000462e+00,2.946443217158097316e-01,3.248333054376514317e-01,4.118209361668172974e+00,4.471104792424157592e-02
3.280000000000000249e+00,2.895686777529585809e-01,3.192831517856147272e-01,4.141421791541656461e+00,4.464178243566926940e-02
3.290000000000000036e+00,2.845783326848597139e-01,3.138237762131203534e-01,4.164674498949281656e+00,4.456970432409029792e-02
3.299999999999999822e+00,2.796723550168310202e-01,3.084542796629097250e-01,4.187967128079872481e+00,4.449489387176201738e-02
3.310000000000000497e+00,2.748497911889646872e-01,3.031737355464091954e-01,4.211299326252898823e+00,4.441743011043632755e-02
3.320000000000000284e+00,2.701096678801002127e-01,2.979811922542467406e-01,4.234670743902498202e+00,4.433739081132751642e-02
3.330000000000000071e+00,2.654509941974091958e-01,2.928756756154423102e-01,4.258081034560353473e+00,4.425485247646552406e-02
3.339999999999999858e+00,2.608727637579451586e-01,2.878561911874514267e-01,4.281529854841499727e+00,4.416989033219523297e-02
3.350000000000000533e+00,2.563739566621472399e-01,2.829217264616784577e-01,4.305016864425024181e+00,4.408257832440422991e-02
3.360000000000000320e+00,2.519535413661395662e-01,2.780712529577027969e-01,4.328541726039809134e+00,4.399298911522614430e-02
3.370000000000000107e+00,2.476104764533272606e-01,2.733037281750909653e-01,4.352104105445187443e+00,4.390119408151856029e-02
3.379999999999999893e+00,2.433437123106992062e-01,2.686180975012360528e-01,4.375703671413482709e+00,4.380726331485135239e-02
3.389999999999999680e+00,2.391521927126473712e-01,2.640132959888580322e-01,4.399340095712314991e+00,4.371126562291292178e-02
3.400000000000000355e+00,2.350348563151909986e-01,2.594882500344404264e-01,4.423013053086291890e+00,4.361326853178801310e-02
3.410000000000000142e+00,2.309906380646603585e-01,2.550418789788599927e-01,4.446722221238079698e+00,4.351333829019246591e-02
3.419999999999999929e+00,2.270184705241740097e-01,2.506730966103452585e-01,4.470467280810114019e+00,4.341153987431304456e-02
3.429999999999999716e+00,2.231172851200312335e-01,2.463808125881660482e-01,4.494247915364940837e+00,4.330793699394137192e-02
3.440000000000000391e+00,2.192860133128761990e-01,2.421639337836443417e-01,4.518063811366712201e+00,4.320259209957146018e-02
3.450000000000000178e+00,2.155235876953791041e-01,2.380213655225048297e-01,4.541914658161344320e+00,4.309556639056155020e-02
3.459999999999999964e+00,2.118289430197952683e-01,2.339520128014575262e-01,4.565800147955847876e+00,4.298691982400711792e-02
3.469999999999999751e+00,2.082010171595886361e-01,2.299547813894386450e-01,4.589719975801241247e+00,4.287671112450126831e-02
3.480000000000000426e+00,2.046387520056953402e-01,2.260285788454884370e-01,4.613673839570596513e+00,4.276499779446416016e-02
3.490000000000000213e+00,2.011410943024664333e-01,2.221723155268143235e-01,4.637661439939037678e+00,4.265183612578637290e-02
3.500000000000000000e+00,1.977069964249519307e-01,2.180838709801363184e-01,4.661682480364769177e+00,4.253728121112771571e-02
